# Canonical pool-accuracy 10-seed CSV over the full 51-cell grid (17 collective + 34 pairwise), generated by scripts/make-pool-accuracy-10seed-csv.py. seeds 1-10, seq_len=12. Per-cell summary columns (median_rel_err, iqr_dex, p10, p90, min, max, k_within_10x, spread) repeated on every row of that cell.
pool,N,lambda,seed,refined_rel_error,rel_error,run,source_sweep,config_sha256,seq_len,median_rel_err,iqr_dex,p10,p90,min,max,k_within_10x,spread
collective,8,0.5,1,4.935370262432694e-07,0.00421023889558279,collective_n_qubits8_lam0.5_s1,pool-accuracy-l12-s1-10-2026-07-28,de6ed99feceebb3cc61a978e3d96cb306373d7986e13cfd7a65963012da3aa09,12,2.470419437328076e-08,2.190637095274857,1.8860254108078763e-09,0.0004216925548204461,3.450961486538941e-10,0.004210238895584116,4,12200190.909133196
collective,8,0.5,2,2.6962735707885533e-07,0.00022826354469985603,collective_n_qubits8_lam0.5_s2,pool-accuracy-l12-s1-10-2026-07-28,0d49b28ad3f4b00766f2adb5e8af3cc01607f0e9f7f88bb702151b90b41eea6a,12,2.470419437328076e-08,2.190637095274857,1.8860254108078763e-09,0.0004216925548204461,3.450961486538941e-10,0.004210238895584116,4,12200190.909133196
collective,8,0.5,3,2.7518120334979524e-09,0.015131114005688794,collective_n_qubits8_lam0.5_s3,pool-accuracy-l12-s1-10-2026-07-28,5094e173f58728bf6e0607fcebbaa6a2b47bdc879cb260e6e2f5b0d7f2cab4ad,12,2.470419437328076e-08,2.190637095274857,1.8860254108078763e-09,0.0004216925548204461,3.450961486538941e-10,0.004210238895584116,4,12200190.909133196
collective,8,0.5,4,3.450961486538941e-10,0.004210238895584116,collective_n_qubits8_lam0.5_s4,pool-accuracy-l12-s1-10-2026-07-28,ff55db4b891d59ec16df0ee44505423eb1097ea68f0728552a92b5371b81b97b,12,2.470419437328076e-08,2.190637095274857,1.8860254108078763e-09,0.0004216925548204461,3.450961486538941e-10,0.004210238895584116,4,12200190.909133196
collective,8,0.5,5,7.429614022621663e-07,0.001581617930756571,collective_n_qubits8_lam0.5_s5,pool-accuracy-l12-s1-10-2026-07-28,097d846543670cbe0e5b100b779e2bfb508a430967250b5e17a3f84fdba5cd10,12,2.470419437328076e-08,2.190637095274857,1.8860254108078763e-09,0.0004216925548204461,3.450961486538941e-10,0.004210238895584116,4,12200190.909133196
collective,8,0.5,6,0.004210238895584116,0.004210238895584116,collective_n_qubits8_lam0.5_s6,pool-accuracy-l12-s1-10-2026-07-28,f2e10e0fab7f4b35ad05bc27c266091d4798435a8ab55655b13f3551d121720f,12,2.470419437328076e-08,2.190637095274857,1.8860254108078763e-09,0.0004216925548204461,3.450961486538941e-10,0.004210238895584116,4,12200190.909133196
collective,8,0.5,7,3.0284870985007873e-09,0.004024491765918306,collective_n_qubits8_lam0.5_s7,pool-accuracy-l12-s1-10-2026-07-28,16be0938fc1f2788d73c62f04f738ffa5af0eb199a3953d4108f06210fccf598,12,2.470419437328076e-08,2.190637095274857,1.8860254108078763e-09,0.0004216925548204461,3.450961486538941e-10,0.004210238895584116,4,12200190.909133196
collective,8,0.5,8,9.397519889523139e-09,0.0018288536957331734,collective_n_qubits8_lam0.5_s8,pool-accuracy-l12-s1-10-2026-07-28,ed6247e06727aec5e9c0c6a808e30b170e9189d4f55ba33323b3291080ca94a3,12,2.470419437328076e-08,2.190637095274857,1.8860254108078763e-09,0.0004216925548204461,3.450961486538941e-10,0.004210238895584116,4,12200190.909133196
collective,8,0.5,9,2.0572397732694295e-09,0.003599103305643005,collective_n_qubits8_lam0.5_s9,pool-accuracy-l12-s1-10-2026-07-28,9e958991cf8e172942dc8aacdd8f1bc0ab98a9f869671361f42e73f32c93efc0,12,2.470419437328076e-08,2.190637095274857,1.8860254108078763e-09,0.0004216925548204461,3.450961486538941e-10,0.004210238895584116,4,12200190.909133196
collective,8,0.5,10,4.001086885703838e-08,0.004026045968573075,collective_n_qubits8_lam0.5_s10,pool-accuracy-l12-s1-10-2026-07-28,33584194ad92eb5badcb1eb83bd9d4edbd99f3f8579d968dde47f91123e569e5,12,2.470419437328076e-08,2.190637095274857,1.8860254108078763e-09,0.0004216925548204461,3.450961486538941e-10,0.004210238895584116,4,12200190.909133196
collective,8,1.0,1,3.5937677555499234e-09,0.005606912951595053,collective_n_qubits8_lam1.0_s1,pool-accuracy-l12-s1-10-2026-07-28,69a459da56816abb4d62091421dbc2205de29bd03fccdbff768012e5ec421cd2,12,3.4984506311332743e-08,2.872287959742253,1.7385664972709924e-09,2.0202267240932675e-05,1.5601147851589368e-09,0.00017833474698467644,4,114308.73464000187
collective,8,1.0,2,2.4724667737431576e-06,0.0039970193603417045,collective_n_qubits8_lam1.0_s2,pool-accuracy-l12-s1-10-2026-07-28,cceb19b177b3e8e807a53795fb3698b7158427fcc91a05e0ba4e4e76f9a93218,12,3.4984506311332743e-08,2.872287959742253,1.7385664972709924e-09,2.0202267240932675e-05,1.5601147851589368e-09,0.00017833474698467644,4,114308.73464000187
collective,8,1.0,3,4.483047369893198e-08,0.002195715390619539,collective_n_qubits8_lam1.0_s3,pool-accuracy-l12-s1-10-2026-07-28,3713c37075c1843a219b0390450d83a1e2f633ece5f109842bfe01d5a444a1bc,12,3.4984506311332743e-08,2.872287959742253,1.7385664972709924e-09,2.0202267240932675e-05,1.5601147851589368e-09,0.00017833474698467644,4,114308.73464000187
collective,8,1.0,4,1.758394465283443e-09,0.007409940539304084,collective_n_qubits8_lam1.0_s4,pool-accuracy-l12-s1-10-2026-07-28,7ce8995d4999ef0c754f89d8fe9e27302f9ea505d3b3f789edefbd7ca93db67b,12,3.4984506311332743e-08,2.872287959742253,1.7385664972709924e-09,2.0202267240932675e-05,1.5601147851589368e-09,0.00017833474698467644,4,114308.73464000187
collective,8,1.0,5,2.3184569436221882e-09,0.00223181391330334,collective_n_qubits8_lam1.0_s5,pool-accuracy-l12-s1-10-2026-07-28,cd30507ec3f56f6ecb21069ac74a56ebb293cf44260c6bfc88afc2840b08a41d,12,3.4984506311332743e-08,2.872287959742253,1.7385664972709924e-09,2.0202267240932675e-05,1.5601147851589368e-09,0.00017833474698467644,4,114308.73464000187
collective,8,1.0,6,4.440913297857945e-07,0.005636729910861691,collective_n_qubits8_lam1.0_s6,pool-accuracy-l12-s1-10-2026-07-28,634a3e13867505a0819207157069c158d7b310f1730c68755e23d402e21efbf5,12,3.4984506311332743e-08,2.872287959742253,1.7385664972709924e-09,2.0202267240932675e-05,1.5601147851589368e-09,0.00017833474698467644,4,114308.73464000187
collective,8,1.0,7,2.5138538923733497e-08,0.005253041533940337,collective_n_qubits8_lam1.0_s7,pool-accuracy-l12-s1-10-2026-07-28,6a4f798d362ade2c4dcc7a543835e56f09036d1dfc1d9d29610cfeba193caacd,12,3.4984506311332743e-08,2.872287959742253,1.7385664972709924e-09,2.0202267240932675e-05,1.5601147851589368e-09,0.00017833474698467644,4,114308.73464000187
collective,8,1.0,8,0.00017833474698467644,0.0018600434540046932,collective_n_qubits8_lam1.0_s8,pool-accuracy-l12-s1-10-2026-07-28,b53e38fab5e30f6f1bd3d7965efbfa223df62983c80eb872b35e46cef9f9f903,12,3.4984506311332743e-08,2.872287959742253,1.7385664972709924e-09,2.0202267240932675e-05,1.5601147851589368e-09,0.00017833474698467644,4,114308.73464000187
collective,8,1.0,9,1.5601147851589368e-09,0.005191508887107562,collective_n_qubits8_lam1.0_s9,pool-accuracy-l12-s1-10-2026-07-28,3a4a5db434944ac2c8562d506323f40079c8ec41b8a3dea785ad8993d7f56cef,12,3.4984506311332743e-08,2.872287959742253,1.7385664972709924e-09,2.0202267240932675e-05,1.5601147851589368e-09,0.00017833474698467644,4,114308.73464000187
collective,8,1.0,10,2.631991713850104e-06,0.005481657720239994,collective_n_qubits8_lam1.0_s10,pool-accuracy-l12-s1-10-2026-07-28,e44c369989a46c838080ae44eabf84c4a94b0d6bc0b139ae33f453c2fa9e23ab,12,3.4984506311332743e-08,2.872287959742253,1.7385664972709924e-09,2.0202267240932675e-05,1.5601147851589368e-09,0.00017833474698467644,4,114308.73464000187
collective,8,1.5,1,7.46689436685358e-07,0.006934565027102256,collective_n_qubits8_lam1.5_s1,pool-accuracy-l12-s1-10-2026-07-28,a05fa29cd451c2dc5677affa4287d9b23f0dfb3c0645d229bcd787d3b8987685,12,2.055619029125275e-06,2.91572704317182,6.857014789622396e-10,0.0009400337933962793,3.092456640685108e-12,0.005671240038060631,1,1833894762.9688401
collective,8,1.5,2,0.00041434421065579796,0.0069345650271043285,collective_n_qubits8_lam1.5_s2,pool-accuracy-l12-s1-10-2026-07-28,8c9f1bd14ec87f3986482c68e46b21024ea2ed9ff853a5e19fde77a5c0caae3a,12,2.055619029125275e-06,2.91572704317182,6.857014789622396e-10,0.0009400337933962793,3.092456640685108e-12,0.005671240038060631,1,1833894762.9688401
collective,8,1.5,3,0.005671240038060631,0.04119949065265705,collective_n_qubits8_lam1.5_s3,pool-accuracy-l12-s1-10-2026-07-28,6fc2b3ce82110b0177ce39b8cf04fc4b2b781194918b009ff1505603056dab6f,12,2.055619029125275e-06,2.91572704317182,6.857014789622396e-10,0.0009400337933962793,3.092456640685108e-12,0.005671240038060631,1,1833894762.9688401
collective,8,1.5,4,1.3101048348614517e-07,0.004559051724805185,collective_n_qubits8_lam1.5_s4,pool-accuracy-l12-s1-10-2026-07-28,7f6ab1143fc1d1a0263829303919485f9dc22380bc9766d6252af591846ee2b4,12,2.055619029125275e-06,2.91572704317182,6.857014789622396e-10,0.0009400337933962793,3.092456640685108e-12,0.005671240038060631,1,1833894762.9688401
collective,8,1.5,5,1.504157573693408e-06,0.008976629233964296,collective_n_qubits8_lam1.5_s5,pool-accuracy-l12-s1-10-2026-07-28,06df0e5760dbe34906c5f4e43688118df075a9ca7d9ca028f9a127495741564f,12,2.055619029125275e-06,2.91572704317182,6.857014789622396e-10,0.0009400337933962793,3.092456640685108e-12,0.005671240038060631,1,1833894762.9688401
collective,8,1.5,6,2.6070804845571418e-06,0.013360807812689302,collective_n_qubits8_lam1.5_s6,pool-accuracy-l12-s1-10-2026-07-28,c752249a2c55aef31913e10129a3fc1b59d9af39f8c886244c94e8494d314343,12,2.055619029125275e-06,2.91572704317182,6.857014789622396e-10,0.0009400337933962793,3.092456640685108e-12,0.005671240038060631,1,1833894762.9688401
collective,8,1.5,7,0.00030713250097953607,0.007969902150631265,collective_n_qubits8_lam1.5_s7,pool-accuracy-l12-s1-10-2026-07-28,140e140cd8f32108a8678b0ed340f0991663b2b6b7251dd3f48d0a80b676bb83,12,2.055619029125275e-06,2.91572704317182,6.857014789622396e-10,0.0009400337933962793,3.092456640685108e-12,0.005671240038060631,1,1833894762.9688401
collective,8,1.5,8,3.092456640685108e-12,0.007375474165152197,collective_n_qubits8_lam1.5_s8,pool-accuracy-l12-s1-10-2026-07-28,68ff7809de8483f4688577fcdad2baac0cf038d7c681081ced83654b2cb15e0f,12,2.055619029125275e-06,2.91572704317182,6.857014789622396e-10,0.0009400337933962793,3.092456640685108e-12,0.005671240038060631,1,1833894762.9688401
collective,8,1.5,9,1.729975802752497e-05,0.01035514684209963,collective_n_qubits8_lam1.5_s9,pool-accuracy-l12-s1-10-2026-07-28,d70939a588db779f613147f49579d982d0bca048d31010bfca5381f8b551e134,12,2.055619029125275e-06,2.91572704317182,6.857014789622396e-10,0.0009400337933962793,3.092456640685108e-12,0.005671240038060631,1,1833894762.9688401
collective,8,1.5,10,7.615469258868568e-10,0.03433483016142004,collective_n_qubits8_lam1.5_s10,pool-accuracy-l12-s1-10-2026-07-28,4e3b7c440358327372a1e7b06a7d0908f30a0fc37f5f89059b1546f03c8192d8,12,2.055619029125275e-06,2.91572704317182,6.857014789622396e-10,0.0009400337933962793,3.092456640685108e-12,0.005671240038060631,1,1833894762.9688401
collective,8,2.0,1,2.9851918635167195e-07,0.031845505200605875,collective_n_qubits8_lam2.0_s1,pool-accuracy-l12-s1-10-2026-07-28,34178d129e977577adeee621f8c71f73fe4a2a0513648fe4d6657418318a6a71,12,0.00015022693971650046,4.326149390012625,6.174842528820652e-13,0.0064001000516779065,3.1658109753145953e-13,0.008453044900971655,2,26701041113.58592
collective,8,2.0,2,1.1589206544172238e-07,0.019511000110941406,collective_n_qubits8_lam2.0_s2,pool-accuracy-l12-s1-10-2026-07-28,fea044f68385ff0132e896876fb00d9a7672d0d21a6fa6c0e44166d1543c8429,12,0.00015022693971650046,4.326149390012625,6.174842528820652e-13,0.0064001000516779065,3.1658109753145953e-13,0.008453044900971655,2,26701041113.58592
collective,8,2.0,3,0.00012066484997696736,0.02553112209076974,collective_n_qubits8_lam2.0_s3,pool-accuracy-l12-s1-10-2026-07-28,03c99f8b04bf0885bea9f3f490e008f16e7ea47423cc0fc3be743d5d836d5587,12,0.00015022693971650046,4.326149390012625,6.174842528820652e-13,0.0064001000516779065,3.1658109753145953e-13,0.008453044900971655,2,26701041113.58592
collective,8,2.0,4,3.1658109753145953e-13,0.042032267028288724,collective_n_qubits8_lam2.0_s4,pool-accuracy-l12-s1-10-2026-07-28,58c71e67b983525d13a4ccbd3f27655e68e74a1e3dbfb9f3c61c466f416aefc3,12,0.00015022693971650046,4.326149390012625,6.174842528820652e-13,0.0064001000516779065,3.1658109753145953e-13,0.008453044900971655,2,26701041113.58592
collective,8,2.0,5,6.509179368099103e-13,0.04249042641876556,collective_n_qubits8_lam2.0_s5,pool-accuracy-l12-s1-10-2026-07-28,18cb4cdfb36463f142b1f8b10ffd2c0be844f31fe47110086c792b0966c519e4,12,0.00015022693971650046,4.326149390012625,6.174842528820652e-13,0.0064001000516779065,3.1658109753145953e-13,0.008453044900971655,2,26701041113.58592
collective,8,2.0,6,0.008453044900971655,0.030736796114464886,collective_n_qubits8_lam2.0_s6,pool-accuracy-l12-s1-10-2026-07-28,69bd81ff3a0cd55704c677e9ca8e186560b00c0da839e0674a5555581eea703a,12,0.00015022693971650046,4.326149390012625,6.174842528820652e-13,0.0064001000516779065,3.1658109753145953e-13,0.008453044900971655,2,26701041113.58592
collective,8,2.0,7,0.006171995068423046,0.04581868420797148,collective_n_qubits8_lam2.0_s7,pool-accuracy-l12-s1-10-2026-07-28,ea9979849c8675617d15bd1112bc12d4f330d1967e9a70578aa1b0ad76e69d93,12,0.00015022693971650046,4.326149390012625,6.174842528820652e-13,0.0064001000516779065,3.1658109753145953e-13,0.008453044900971655,2,26701041113.58592
collective,8,2.0,8,0.0030949509479436146,0.04972615259054361,collective_n_qubits8_lam2.0_s8,pool-accuracy-l12-s1-10-2026-07-28,bd971b7dc96f835eadd9aefb1d0b3ed7a35ed7e1a27d5454572d5157a3201c95,12,0.00015022693971650046,4.326149390012625,6.174842528820652e-13,0.0064001000516779065,3.1658109753145953e-13,0.008453044900971655,2,26701041113.58592
collective,8,2.0,9,0.0035328368024289208,0.049585534887048574,collective_n_qubits8_lam2.0_s9,pool-accuracy-l12-s1-10-2026-07-28,7eaf2e622e0dbc81adcb76d8d21d36b46b30d8dabbe273d8422f47f7299b05f0,12,0.00015022693971650046,4.326149390012625,6.174842528820652e-13,0.0064001000516779065,3.1658109753145953e-13,0.008453044900971655,2,26701041113.58592
collective,8,2.0,10,0.00017978902945603358,0.029495789156013433,collective_n_qubits8_lam2.0_s10,pool-accuracy-l12-s1-10-2026-07-28,ab79d403e408076af969aba0cbb0402a3c085e99c39f45880e83082594d64adf,12,0.00015022693971650046,4.326149390012625,6.174842528820652e-13,0.0064001000516779065,3.1658109753145953e-13,0.008453044900971655,2,26701041113.58592
collective,10,0.5,1,4.387005738658835e-08,0.0023542626691127845,collective_n_qubits10_lam0.5_s1,pool-accuracy-l12-s1-10-2026-07-28,294ec1180537925e340a4f847f3d2cb7393c14d084c222901d0e4dbaa69ccfad,12,2.3980716758850454e-07,5.301007175243811,1.2665473025386854e-09,0.0035324220790628087,5.122714654639496e-10,0.0035324220790634462,3,6895605.781720113
collective,10,0.5,2,2.0228539936307051e-07,0.0006045619764815671,collective_n_qubits10_lam0.5_s2,pool-accuracy-l12-s1-10-2026-07-28,d37c60639ed0bc9ade515f591748006d2533e7e8cfae613090885708a34d82b7,12,2.3980716758850454e-07,5.301007175243811,1.2665473025386854e-09,0.0035324220790628087,5.122714654639496e-10,0.0035324220790634462,3,6895605.781720113
collective,10,0.5,3,0.003532422079062738,0.003532422079062738,collective_n_qubits10_lam0.5_s3,pool-accuracy-l12-s1-10-2026-07-28,d0742baf8e01f15de4335825cc6f742ce91163299f29d5ea3d10450f9583080f,12,2.3980716758850454e-07,5.301007175243811,1.2665473025386854e-09,0.0035324220790628087,5.122714654639496e-10,0.0035324220790634462,3,6895605.781720113
collective,10,0.5,4,0.0035324220790616764,0.0035324220790616764,collective_n_qubits10_lam0.5_s4,pool-accuracy-l12-s1-10-2026-07-28,eb9b5c0dc62cf9e1c80cd7472d7ed63d654d8ed7cb963d4c834069f2121e8c5d,12,2.3980716758850454e-07,5.301007175243811,1.2665473025386854e-09,0.0035324220790628087,5.122714654639496e-10,0.0035324220790634462,3,6895605.781720113
collective,10,0.5,5,3.687387396237944e-07,0.0035324220790659243,collective_n_qubits10_lam0.5_s5,pool-accuracy-l12-s1-10-2026-07-28,eadc91ff1e7302a10a230c9ec40fa4513333eacc8ee5eeee0f5bbe00efb22a82,12,2.3980716758850454e-07,5.301007175243811,1.2665473025386854e-09,0.0035324220790628087,5.122714654639496e-10,0.0035324220790634462,3,6895605.781720113
collective,10,0.5,6,0.0035324220790634462,0.0035324220790634462,collective_n_qubits10_lam0.5_s6,pool-accuracy-l12-s1-10-2026-07-28,ee22eb1302e719461d68f65f1c35f326d303e43fb61fd252b7c6290b60f56e90,12,2.3980716758850454e-07,5.301007175243811,1.2665473025386854e-09,0.0035324220790628087,5.122714654639496e-10,0.0035324220790634462,3,6895605.781720113
collective,10,0.5,7,1.3503557288803228e-09,0.000967103930735336,collective_n_qubits10_lam0.5_s7,pool-accuracy-l12-s1-10-2026-07-28,8b191ba8b5a630813a6c47b7d11a025ba44f9eb4f9fbfe6fd4bcdb7982594a3e,12,2.3980716758850454e-07,5.301007175243811,1.2665473025386854e-09,0.0035324220790628087,5.122714654639496e-10,0.0035324220790634462,3,6895605.781720113
collective,10,0.5,8,2.7732893581393853e-07,0.00042313992084071103,collective_n_qubits10_lam0.5_s8,pool-accuracy-l12-s1-10-2026-07-28,468da81ca506e4bfe0328d38c2fab923f61f94db69bbefe366bf255c7779afe0,12,2.3980716758850454e-07,5.301007175243811,1.2665473025386854e-09,0.0035324220790628087,5.122714654639496e-10,0.0035324220790634462,3,6895605.781720113
collective,10,0.5,9,5.122714654639496e-10,0.0035324220790655704,collective_n_qubits10_lam0.5_s9,pool-accuracy-l12-s1-10-2026-07-28,c2122cec29a0e92920ca6e4a64221b50083d0c3542a6267eaacfb8e03f1fb15c,12,2.3980716758850454e-07,5.301007175243811,1.2665473025386854e-09,0.0035324220790628087,5.122714654639496e-10,0.0035324220790634462,3,6895605.781720113
collective,10,0.5,10,3.0403006268897033e-09,0.003706289355846902,collective_n_qubits10_lam0.5_s10,pool-accuracy-l12-s1-10-2026-07-28,09cb4d41cfd841d123c37ef2e8f769868b2ead0637944c47881e61ab83b65218,12,2.3980716758850454e-07,5.301007175243811,1.2665473025386854e-09,0.0035324220790628087,5.122714654639496e-10,0.0035324220790634462,3,6895605.781720113
collective,10,1.0,1,8.941343639491073e-08,0.014418830881006525,collective_n_qubits10_lam1.0_s1,pool-accuracy-l12-s1-10-2026-07-28,cfd17bc0e96b4b0f2ae3c99975edb6cb7bb83bf28d31d659499b67ea865c5cb5,12,1.1190186753245118e-06,2.381152955054187,5.446376783600425e-08,4.533090072735608e-05,4.6097455862738535e-08,0.0001822662971829853,5,3953.9339812094636
collective,10,1.0,2,3.503410888483843e-06,0.004956964211212208,collective_n_qubits10_lam1.0_s2,pool-accuracy-l12-s1-10-2026-07-28,9cd91bab5b177ba05a7dcb3dc4e23937164f9e2fc9e44d58495a13457594312b,12,1.1190186753245118e-06,2.381152955054187,5.446376783600425e-08,4.533090072735608e-05,4.6097455862738535e-08,0.0001822662971829853,5,3953.9339812094636
collective,10,1.0,3,1.5488973329127323e-07,0.0016497839438670342,collective_n_qubits10_lam1.0_s3,pool-accuracy-l12-s1-10-2026-07-28,73b94c97df08f0c0471ac28d5f554c637f5dd8049d67d78dc3eba87ed2bdbb14,12,1.1190186753245118e-06,2.381152955054187,5.446376783600425e-08,4.533090072735608e-05,4.6097455862738535e-08,0.0001822662971829853,5,3953.9339812094636
collective,10,1.0,4,9.039509437125734e-08,0.006157222850782435,collective_n_qubits10_lam1.0_s4,pool-accuracy-l12-s1-10-2026-07-28,cac171ba1700f3d7ab2ad1bcaab7272385a68dfd96248122856f701031173ef4,12,1.1190186753245118e-06,2.381152955054187,5.446376783600425e-08,4.533090072735608e-05,4.6097455862738535e-08,0.0001822662971829853,5,3953.9339812094636
collective,10,1.0,5,3.0115856676730665e-05,0.007747622929727103,collective_n_qubits10_lam1.0_s5,pool-accuracy-l12-s1-10-2026-07-28,36b73e485c8c3f9e8915736c0a5b437ea9408a297ca4d1cd94a8a2fbfd740d65,12,1.1190186753245118e-06,2.381152955054187,5.446376783600425e-08,4.533090072735608e-05,4.6097455862738535e-08,0.0001822662971829853,5,3953.9339812094636
collective,10,1.0,6,4.6097455862738535e-08,0.002774319886638771,collective_n_qubits10_lam1.0_s6,pool-accuracy-l12-s1-10-2026-07-28,3ef1dc324e539a3d66c93b05e39e20fbef4348238b062a1da52dab75dcb9d593,12,1.1190186753245118e-06,2.381152955054187,5.446376783600425e-08,4.533090072735608e-05,4.6097455862738535e-08,0.0001822662971829853,5,3953.9339812094636
collective,10,1.0,7,5.5393358055256e-08,0.004422050858469465,collective_n_qubits10_lam1.0_s7,pool-accuracy-l12-s1-10-2026-07-28,0798430ba778d9854ede2dbd79ea268fbc9578ad71dfe178e4f66734bf763d07,12,1.1190186753245118e-06,2.381152955054187,5.446376783600425e-08,4.533090072735608e-05,4.6097455862738535e-08,0.0001822662971829853,5,3953.9339812094636
collective,10,1.0,8,0.0001822662971829853,0.0011533805228758345,collective_n_qubits10_lam1.0_s8,pool-accuracy-l12-s1-10-2026-07-28,59a5dcfc6d78a6992986c200a806709d2de0f053fa3d70dbbd6e36375255c1aa,12,1.1190186753245118e-06,2.381152955054187,5.446376783600425e-08,4.533090072735608e-05,4.6097455862738535e-08,0.0001822662971829853,5,3953.9339812094636
collective,10,1.0,9,2.08314761735775e-06,0.012952709385312315,collective_n_qubits10_lam1.0_s9,pool-accuracy-l12-s1-10-2026-07-28,bde67b20f2acab8142f106233d8473505ffddb2d519e52faf08d389cf694fe4c,12,1.1190186753245118e-06,2.381152955054187,5.446376783600425e-08,4.533090072735608e-05,4.6097455862738535e-08,0.0001822662971829853,5,3953.9339812094636
collective,10,1.0,10,2.7585308640219804e-05,0.0010424668556098685,collective_n_qubits10_lam1.0_s10,pool-accuracy-l12-s1-10-2026-07-28,578d2cfe7775948ce81fff9db4820fd5d8de95f99656b486e11f99c9f59cf36d,12,1.1190186753245118e-06,2.381152955054187,5.446376783600425e-08,4.533090072735608e-05,4.6097455862738535e-08,0.0001822662971829853,5,3953.9339812094636
collective,10,1.5,1,0.0008074660290816583,0.01961213628747456,collective_n_qubits10_lam1.5_s1,pool-accuracy-l12-s1-10-2026-07-28,8215e0e189e61db46abb773e5cde09b3662ca4ea8d42b559c9f0e6af876fc94b,12,0.0008074660290848972,0.7132596058309457,5.979253301023392e-06,0.0038876526205716723,1.8027992070786279e-07,0.00782734241993603,1,43417.71612280638
collective,10,1.5,2,0.0007197034799039182,0.03092083075849775,collective_n_qubits10_lam1.5_s2,pool-accuracy-l12-s1-10-2026-07-28,a6f50c4ae068bb27416d4a668dc38774146c5acd52f0235652fd1b261be66eab,12,0.0008074660290848972,0.7132596058309457,5.979253301023392e-06,0.0038876526205716723,1.8027992070786279e-07,0.00782734241993603,1,43417.71612280638
collective,10,1.5,3,5.0016687921171454e-05,0.014964128141535584,collective_n_qubits10_lam1.5_s3,pool-accuracy-l12-s1-10-2026-07-28,8746fbc1e3a97ea8787d25c4ed65926311c08225cc12308968ae9a3e71578c8c,12,0.0008074660290848972,0.7132596058309457,5.979253301023392e-06,0.0038876526205716723,1.8027992070786279e-07,0.00782734241993603,1,43417.71612280638
collective,10,1.5,4,0.0008074660290881363,0.02587014189034073,collective_n_qubits10_lam1.5_s4,pool-accuracy-l12-s1-10-2026-07-28,5fb6686130445752a7c0ded962c6c2deb84e3d05c72a0687d9e6d3532f9d91c5,12,0.0008074660290848972,0.7132596058309457,5.979253301023392e-06,0.0038876526205716723,1.8027992070786279e-07,0.00782734241993603,1,43417.71612280638
collective,10,1.5,5,0.0012223808164588596,0.02246929259703999,collective_n_qubits10_lam1.5_s5,pool-accuracy-l12-s1-10-2026-07-28,14c7b250b17a69f88dea712312d7f9f49d75bddca99ac476b42c9b5ba952c591,12,0.0008074660290848972,0.7132596058309457,5.979253301023392e-06,0.0038876526205716723,1.8027992070786279e-07,0.00782734241993603,1,43417.71612280638
collective,10,1.5,6,0.00782734241993603,0.011906930774988304,collective_n_qubits10_lam1.5_s6,pool-accuracy-l12-s1-10-2026-07-28,af6ff20b05447f3e16604105fabb663c4dc7694fd1e43fbea8168f9da011bbac,12,0.0008074660290848972,0.7132596058309457,5.979253301023392e-06,0.0038876526205716723,1.8027992070786279e-07,0.00782734241993603,1,43417.71612280638
collective,10,1.5,7,1.8027992070786279e-07,0.009879554448237545,collective_n_qubits10_lam1.5_s7,pool-accuracy-l12-s1-10-2026-07-28,dffb18db990a05d9015aad8d975f60299b6bbac61849262626c054fd5de66843,12,0.0008074660290848972,0.7132596058309457,5.979253301023392e-06,0.0038876526205716723,1.8027992070786279e-07,0.00782734241993603,1,43417.71612280638
collective,10,1.5,8,6.623583676614007e-06,0.01058940333968244,collective_n_qubits10_lam1.5_s8,pool-accuracy-l12-s1-10-2026-07-28,345f0d0f3eb8dab25f6ff7273b0eb0b3f6bee6d042d7b1274e524e606fc30c7b,12,0.0008074660290848972,0.7132596058309457,5.979253301023392e-06,0.0038876526205716723,1.8027992070786279e-07,0.00782734241993603,1,43417.71612280638
collective,10,1.5,9,0.00344990930953119,0.004207907134990485,collective_n_qubits10_lam1.5_s9,pool-accuracy-l12-s1-10-2026-07-28,1d2dceff97fc71dda8f0c008a12a29df73aa4c21940716077ad5c748f255fa1a,12,0.0008074660290848972,0.7132596058309457,5.979253301023392e-06,0.0038876526205716723,1.8027992070786279e-07,0.00782734241993603,1,43417.71612280638
collective,10,1.5,10,0.000827092914088983,0.009589834887710631,collective_n_qubits10_lam1.5_s10,pool-accuracy-l12-s1-10-2026-07-28,0a09d7d5a90524b0ed3d32182b2e1ae343338cbc7481a31fc70fa753b0aa2fdf,12,0.0008074660290848972,0.7132596058309457,5.979253301023392e-06,0.0038876526205716723,1.8027992070786279e-07,0.00782734241993603,1,43417.71612280638
collective,10,2.0,1,0.0030801249048659904,0.02804904709856144,collective_n_qubits10_lam2.0_s1,pool-accuracy-l12-s1-10-2026-07-28,461a8135ad09909041104fcfb5263c0b848022d082ccb1981a60820a7bded679,12,0.003409101635439769,1.797786621436171,6.199043933268702e-05,0.018001663441846113,1.7897175181009718e-05,0.0459762604755614,3,2568.9115746235616
collective,10,2.0,2,6.68896909050956e-05,0.029468962933970812,collective_n_qubits10_lam2.0_s2,pool-accuracy-l12-s1-10-2026-07-28,6c18525c3a917fee7804f62984200b0c20252dd2c8248fde31230eadb78e3463,12,0.003409101635439769,1.797786621436171,6.199043933268702e-05,0.018001663441846113,1.7897175181009718e-05,0.0459762604755614,3,2568.9115746235616
collective,10,2.0,3,0.014893374882544426,0.051014131701804855,collective_n_qubits10_lam2.0_s3,pool-accuracy-l12-s1-10-2026-07-28,ce1079dc065e68aa027e51beb58882d689ec0282208e9d3a4f58057f85da6048,12,0.003409101635439769,1.797786621436171,6.199043933268702e-05,0.018001663441846113,1.7897175181009718e-05,0.0459762604755614,3,2568.9115746235616
collective,10,2.0,4,0.00025473848227300084,0.0366323366408325,collective_n_qubits10_lam2.0_s4,pool-accuracy-l12-s1-10-2026-07-28,b686c4fc7df0058100356d98dd99b770a4dd6d7b3acc108109a064f56ead8e84,12,0.003409101635439769,1.797786621436171,6.199043933268702e-05,0.018001663441846113,1.7897175181009718e-05,0.0459762604755614,3,2568.9115746235616
collective,10,2.0,5,0.003738078366013547,0.08022657686826938,collective_n_qubits10_lam2.0_s5,pool-accuracy-l12-s1-10-2026-07-28,17550b06f786a3f06bb21753eb0c2355277e3088769470c827b2bbf960db8fe2,12,0.003409101635439769,1.797786621436171,6.199043933268702e-05,0.018001663441846113,1.7897175181009718e-05,0.0459762604755614,3,2568.9115746235616
collective,10,2.0,6,0.0459762604755614,0.04733572770306235,collective_n_qubits10_lam2.0_s6,pool-accuracy-l12-s1-10-2026-07-28,5a0b6fcc39fec186d22e666c9e0e2f1429ec93ea1a5dde8f5babc669a0aa2f55,12,0.003409101635439769,1.797786621436171,6.199043933268702e-05,0.018001663441846113,1.7897175181009718e-05,0.0459762604755614,3,2568.9115746235616
collective,10,2.0,7,0.012263554012528445,0.049608189311428026,collective_n_qubits10_lam2.0_s7,pool-accuracy-l12-s1-10-2026-07-28,3779916e59292f95d3357c37e299528473811afd82fda905161d0f2db756d834,12,0.003409101635439769,1.797786621436171,6.199043933268702e-05,0.018001663441846113,1.7897175181009718e-05,0.0459762604755614,3,2568.9115746235616
collective,10,2.0,8,1.7897175181009718e-05,0.01245955202468584,collective_n_qubits10_lam2.0_s8,pool-accuracy-l12-s1-10-2026-07-28,3d96172f15dca9df55053b6b5963a11b4fd9c539f9939635bbbc895ff3fb4b95,12,0.003409101635439769,1.797786621436171,6.199043933268702e-05,0.018001663441846113,1.7897175181009718e-05,0.0459762604755614,3,2568.9115746235616
collective,10,2.0,9,0.00014748047632747965,0.056212058838026345,collective_n_qubits10_lam2.0_s9,pool-accuracy-l12-s1-10-2026-07-28,cd4068fb91195245869bc8854c80c18ddb95ed711903e154d0953c3e334b614b,12,0.003409101635439769,1.797786621436171,6.199043933268702e-05,0.018001663441846113,1.7897175181009718e-05,0.0459762604755614,3,2568.9115746235616
collective,10,2.0,10,0.006974796819265141,0.06099644834479554,collective_n_qubits10_lam2.0_s10,pool-accuracy-l12-s1-10-2026-07-28,7e208030d71e33f23fa58d56bc4e54217c2d1afc819821119d90182f1e978c3e,12,0.003409101635439769,1.797786621436171,6.199043933268702e-05,0.018001663441846113,1.7897175181009718e-05,0.0459762604755614,3,2568.9115746235616
collective,12,1.0,1,3.374582241009044e-09,0.00041251806148672956,collective_n_qubits12_lam1.0_s1,pool-accuracy-l12-s1-10-2026-07-28,da99dc5b1d86a0c501e8c90940afe0e308d80c08eb20ed13c71304223fed7030,12,5.080405742601011e-06,1.798280803017689,7.770594758734261e-07,0.0018774382097160604,3.374582241009044e-09,0.01718828145994608,1,5093454.606341602
collective,12,1.0,2,6.299239802829364e-05,0.017188281459948555,collective_n_qubits12_lam1.0_s2,pool-accuracy-l12-s1-10-2026-07-28,fe5ef11838501cd906e3adb39be9f089327ee73df790efc08bcc4cac609ec25b,12,5.080405742601011e-06,1.798280803017689,7.770594758734261e-07,0.0018774382097160604,3.374582241009044e-09,0.01718828145994608,1,5093454.606341602
collective,12,1.0,3,1.8244330231296196e-06,0.016881179389674036,collective_n_qubits12_lam1.0_s3,pool-accuracy-l12-s1-10-2026-07-28,54bb056387361364c36c96038bd698ef4d5ab806403752347c9abd05d86da529,12,5.080405742601011e-06,1.798280803017689,7.770594758734261e-07,0.0018774382097160604,3.374582241009044e-09,0.01718828145994608,1,5093454.606341602
collective,12,1.0,4,8.336378462072402e-06,0.004357787694084931,collective_n_qubits12_lam1.0_s4,pool-accuracy-l12-s1-10-2026-07-28,a9bd510060f4b0e9a7760b17e4145e22f48e2b63e146008f8f2df12a55075569,12,5.080405742601011e-06,1.798280803017689,7.770594758734261e-07,0.0018774382097160604,3.374582241009044e-09,0.01718828145994608,1,5093454.606341602
collective,12,1.0,5,4.282744100924134e-05,0.004357787694085949,collective_n_qubits12_lam1.0_s5,pool-accuracy-l12-s1-10-2026-07-28,6c6c542936481ab53badafe778ab830c12f80d230e41cdf2b0a375175c0d2513,12,5.080405742601011e-06,1.798280803017689,7.770594758734261e-07,0.0018774382097160604,3.374582241009044e-09,0.01718828145994608,1,5093454.606341602
collective,12,1.0,6,0.01718828145994608,0.01718828145994608,collective_n_qubits12_lam1.0_s6,pool-accuracy-l12-s1-10-2026-07-28,df724e4387a27374491f5a2ee229a1fb832ed84a91ec4d95c810cede0ad3fc55,12,5.080405742601011e-06,1.798280803017689,7.770594758734261e-07,0.0018774382097160604,3.374582241009044e-09,0.01718828145994608,1,5093454.606341602
collective,12,1.0,7,8.630244640548057e-07,0.003093599671153618,collective_n_qubits12_lam1.0_s7,pool-accuracy-l12-s1-10-2026-07-28,84bbe8b9a3d7735fcb1cfe3b1a6952ca687f50724f7db0cd04f734a56bd6b554,12,5.080405742601011e-06,1.798280803017689,7.770594758734261e-07,0.0018774382097160604,3.374582241009044e-09,0.01718828145994608,1,5093454.606341602
collective,12,1.0,8,0.00017623340413495375,0.002135162621068004,collective_n_qubits12_lam1.0_s8,pool-accuracy-l12-s1-10-2026-07-28,30d8e3c152f475fa1dae51498d87cb8921273d8b069b14d69bf50f6878dfc029,12,5.080405742601011e-06,1.798280803017689,7.770594758734261e-07,0.0018774382097160604,3.374582241009044e-09,0.01718828145994608,1,5093454.606341602
collective,12,1.0,9,9.098145193950194e-07,0.014704772059386919,collective_n_qubits12_lam1.0_s9,pool-accuracy-l12-s1-10-2026-07-28,24c8cbb74abc0983fa942354666bcc0c6761e6787acae6428ac73b65bc6dc40e,12,5.080405742601011e-06,1.798280803017689,7.770594758734261e-07,0.0018774382097160604,3.374582241009044e-09,0.01718828145994608,1,5093454.606341602
collective,12,1.0,10,9.589844629505897e-07,0.008199458106405296,collective_n_qubits12_lam1.0_s10,pool-accuracy-l12-s1-10-2026-07-28,244768da8965821fc12b5d52451c9035552e65b02b990aacedf6bbe46ab2d911,12,5.080405742601011e-06,1.798280803017689,7.770594758734261e-07,0.0018774382097160604,3.374582241009044e-09,0.01718828145994608,1,5093454.606341602
collective,12,1.5,1,0.0023714972557288194,0.020467084059002306,collective_n_qubits12_lam1.5_s1,pool-accuracy-l12-s1-10-2026-07-28,26ae81470703ecf10f8731390da632296157426fd181cbda8234278ec382e1d0,12,0.00032349612496424093,0.7953037090116508,6.820318051237185e-05,0.0019291999468316516,6.103593117154515e-06,0.0023714972557288194,1,388.5411773375889
collective,12,1.5,2,0.00016979415074069783,0.026173964539665615,collective_n_qubits12_lam1.5_s2,pool-accuracy-l12-s1-10-2026-07-28,1c2f9355ea95d798e1855662ebde60b0de0e2f482672a68f04b5447c46ab07fb,12,0.00032349612496424093,0.7953037090116508,6.820318051237185e-05,0.0019291999468316516,6.103593117154515e-06,0.0023714972557288194,1,388.5411773375889
collective,12,1.5,3,0.00016593436973880935,0.026599002484612902,collective_n_qubits12_lam1.5_s3,pool-accuracy-l12-s1-10-2026-07-28,ca32d8c6be7678337040bd88daca75d0ff05e95accaa993e9b6eafd48db5c8f2,12,0.00032349612496424093,0.7953037090116508,6.820318051237185e-05,0.0019291999468316516,6.103593117154515e-06,0.0023714972557288194,1,388.5411773375889
collective,12,1.5,4,0.001880055801398633,0.021377275135146825,collective_n_qubits12_lam1.5_s4,pool-accuracy-l12-s1-10-2026-07-28,e7cdb48f0e603f1ec17ad63a06db2b3feed1cac9989634bc282a07872f4e24fa,12,0.00032349612496424093,0.7953037090116508,6.820318051237185e-05,0.0019291999468316516,6.103593117154515e-06,0.0023714972557288194,1,388.5411773375889
collective,12,1.5,5,6.103593117154515e-06,0.01496869149876045,collective_n_qubits12_lam1.5_s5,pool-accuracy-l12-s1-10-2026-07-28,fe71f95a3aa5a7719c04feb94a9fb7f2a0e9e43c693bebe01a891072a9812ddb,12,0.00032349612496424093,0.7953037090116508,6.820318051237185e-05,0.0019291999468316516,6.103593117154515e-06,0.0023714972557288194,1,388.5411773375889
collective,12,1.5,6,7.5103134667396e-05,0.0280320564695276,collective_n_qubits12_lam1.5_s6,pool-accuracy-l12-s1-10-2026-07-28,5989ed3cb73b3c917f6852a075220fd970407046c8a6b7b80ec933dcecce3096,12,0.00032349612496424093,0.7953037090116508,6.820318051237185e-05,0.0019291999468316516,6.103593117154515e-06,0.0023714972557288194,1,388.5411773375889
collective,12,1.5,7,0.00047719809918778404,0.020467084058989834,collective_n_qubits12_lam1.5_s7,pool-accuracy-l12-s1-10-2026-07-28,9ea0c08c472c0734c4151896150543d015c502247f0fbb9d79ed98a0c980d23e,12,0.00032349612496424093,0.7953037090116508,6.820318051237185e-05,0.0019291999468316516,6.103593117154515e-06,0.0023714972557288194,1,388.5411773375889
collective,12,1.5,8,8.53000756173995e-05,0.006933300596803913,collective_n_qubits12_lam1.5_s8,pool-accuracy-l12-s1-10-2026-07-28,6cfda255e892d3b970a9eb86882e36396b1a402e5144f851483278c567e597ff,12,0.00032349612496424093,0.7953037090116508,6.820318051237185e-05,0.0019291999468316516,6.103593117154515e-06,0.0023714972557288194,1,388.5411773375889
collective,12,1.5,9,0.0006940533178173714,0.03267230662687488,collective_n_qubits12_lam1.5_s9,pool-accuracy-l12-s1-10-2026-07-28,17054292c02079d1a0c6446a78118089eeba399fc4b6d89d2c638a0a1ce2337a,12,0.00032349612496424093,0.7953037090116508,6.820318051237185e-05,0.0019291999468316516,6.103593117154515e-06,0.0023714972557288194,1,388.5411773375889
collective,12,1.5,10,0.0005508100075429173,0.025093811022059365,collective_n_qubits12_lam1.5_s10,pool-accuracy-l12-s1-10-2026-07-28,75c407944e8285e605da478170dcb8370990d5568da6fb666c3d6a6d95dda158,12,0.00032349612496424093,0.7953037090116508,6.820318051237185e-05,0.0019291999468316516,6.103593117154515e-06,0.0023714972557288194,1,388.5411773375889
collective,12,2.0,1,0.006536238244685018,0.06391056039603372,collective_n_qubits12_lam2.0_s1,pool-accuracy-l12-s1-10-2026-07-28,2f1512c59f25174d6db38a8d31902435a5d00b35bcd0dae4c93b7b7ba3e89f68,12,0.007690511294888581,1.2526079249692776,0.0003728032321308921,0.02128823699326411,0.00033768390015210474,0.047857548842839444,4,141.72292141047504
collective,12,2.0,2,0.0012748682762953956,0.05759389546912148,collective_n_qubits12_lam2.0_s2,pool-accuracy-l12-s1-10-2026-07-28,42b7caa46e097e5a405d74661587e851ae4f46240238c4944defc8b7bcbc901f,12,0.007690511294888581,1.2526079249692776,0.0003728032321308921,0.02128823699326411,0.00033768390015210474,0.047857548842839444,4,141.72292141047504
collective,12,2.0,3,0.008844784345092144,0.04246656279657007,collective_n_qubits12_lam2.0_s3,pool-accuracy-l12-s1-10-2026-07-28,fc22e3e4767ff4617d8ebb2b36055e3c13ad66396e2027be93db8f542a70fa70,12,0.007690511294888581,1.2526079249692776,0.0003728032321308921,0.02128823699326411,0.00033768390015210474,0.047857548842839444,4,141.72292141047504
collective,12,2.0,4,0.018336091232200195,0.04911089895960425,collective_n_qubits12_lam2.0_s4,pool-accuracy-l12-s1-10-2026-07-28,1b81cd9f39077c243409ba60fb27954447a08cc096fbba22275402d62119c61a,12,0.007690511294888581,1.2526079249692776,0.0003728032321308921,0.02128823699326411,0.00033768390015210474,0.047857548842839444,4,141.72292141047504
collective,12,2.0,5,0.0005980351823119668,0.06752191695578416,collective_n_qubits12_lam2.0_s5,pool-accuracy-l12-s1-10-2026-07-28,66d372f8d9a4af564f25a86d211bd58f64fa64fec02e3e38452b35b6d99fb8a9,12,0.007690511294888581,1.2526079249692776,0.0003728032321308921,0.02128823699326411,0.00033768390015210474,0.047857548842839444,4,141.72292141047504
collective,12,2.0,6,0.00033768390015210474,0.04345074287065796,collective_n_qubits12_lam2.0_s6,pool-accuracy-l12-s1-10-2026-07-28,b214c34cde6d96cbe22f98c52f5c7c893083c933b2af573065f8cafcc6ac2c9f,12,0.007690511294888581,1.2526079249692776,0.0003728032321308921,0.02128823699326411,0.00033768390015210474,0.047857548842839444,4,141.72292141047504
collective,12,2.0,7,0.013696850322322806,0.04819997583950196,collective_n_qubits12_lam2.0_s7,pool-accuracy-l12-s1-10-2026-07-28,930fca3abe84cb4a3ff35f603190f241cd8e6dacde8775a2f4c8a7dd2f82795c,12,0.007690511294888581,1.2526079249692776,0.0003728032321308921,0.02128823699326411,0.00033768390015210474,0.047857548842839444,4,141.72292141047504
collective,12,2.0,8,0.047857548842839444,0.07386560472276235,collective_n_qubits12_lam2.0_s8,pool-accuracy-l12-s1-10-2026-07-28,71d64e7584b76f2a9dd054b358a1a68529d3969e81a4ecf1de38c495f007136a,12,0.007690511294888581,1.2526079249692776,0.0003728032321308921,0.02128823699326411,0.00033768390015210474,0.047857548842839444,4,141.72292141047504
collective,12,2.0,9,0.01373559533127104,0.05011968199404494,collective_n_qubits12_lam2.0_s9,pool-accuracy-l12-s1-10-2026-07-28,c858fdf72d0515865c30721d466b1acfc5a5632d5ba476e88b3625bbce416af1,12,0.007690511294888581,1.2526079249692776,0.0003728032321308921,0.02128823699326411,0.00033768390015210474,0.047857548842839444,4,141.72292141047504
collective,12,2.0,10,0.0003767053801285351,0.06775172149198097,collective_n_qubits12_lam2.0_s10,pool-accuracy-l12-s1-10-2026-07-28,6665eb77dfc63ec202240000d60357c95789efd0810dc81e2630d023913f9067,12,0.007690511294888581,1.2526079249692776,0.0003728032321308921,0.02128823699326411,0.00033768390015210474,0.047857548842839444,4,141.72292141047504
collective,14,1.0,1,2.739129736897786e-06,0.010257153152407817,collective_n_qubits14_lam1.0_s1,pool-accuracy-l12-s1-10-2026-07-28,5b53851fc3d9aa95a6dc778eee7cbaa7418bbe136479ae715a281a6b96e7f99d,12,2.153051976221332e-06,1.6819920479474906,1.1777012982477919e-07,8.671220280548588e-05,3.053078188948621e-08,0.00016700376488084251,2,5470.012706695635
collective,14,1.0,2,3.053078188948621e-08,0.009829050643011476,collective_n_qubits14_lam1.0_s2,pool-accuracy-l12-s1-10-2026-07-28,55985c7d5e7faa0fba300715b62e7c02662d0bdb7218e95bb1667b242ed15663,12,2.153051976221332e-06,1.6819920479474906,1.1777012982477919e-07,8.671220280548588e-05,3.053078188948621e-08,0.00016700376488084251,2,5470.012706695635
collective,14,1.0,3,6.6674185690208e-05,0.010891953762768348,collective_n_qubits14_lam1.0_s3,pool-accuracy-l12-s1-10-2026-07-28,9620bc6c7bfe2f638dc15e60722fa45d9389d6d1fc91efa353ecfe9e3cd069da,12,2.153051976221332e-06,1.6819920479474906,1.1777012982477919e-07,8.671220280548588e-05,3.053078188948621e-08,0.00016700376488084251,2,5470.012706695635
collective,14,1.0,4,9.727796794623196e-07,0.0017587459654132328,collective_n_qubits14_lam1.0_s4,pool-accuracy-l12-s1-10-2026-07-28,1bc054470665686a7d8fc15dc3a24bd32f3c6765116928396f5111f8ae9de508,12,2.153051976221332e-06,1.6819920479474906,1.1777012982477919e-07,8.671220280548588e-05,3.053078188948621e-08,0.00016700376488084251,2,5470.012706695635
collective,14,1.0,5,1.274633907064784e-07,0.0017587459654078617,collective_n_qubits14_lam1.0_s5,pool-accuracy-l12-s1-10-2026-07-28,ca015acbef60cb8503ee31992ecb2c829c7c5e07de67a42c1cd570ead807310c,12,2.153051976221332e-06,1.6819920479474906,1.1777012982477919e-07,8.671220280548588e-05,3.053078188948621e-08,0.00016700376488084251,2,5470.012706695635
collective,14,1.0,6,7.779091813044629e-05,0.015551336414976717,collective_n_qubits14_lam1.0_s6,pool-accuracy-l12-s1-10-2026-07-28,63e5715e3e3c899ce0950c5cdea35e67fb162a37bd12240b5dad4825af75d35b,12,2.153051976221332e-06,1.6819920479474906,1.1777012982477919e-07,8.671220280548588e-05,3.053078188948621e-08,0.00016700376488084251,2,5470.012706695635
collective,14,1.0,7,1.3120122194136511e-06,0.008186840525131573,collective_n_qubits14_lam1.0_s7,pool-accuracy-l12-s1-10-2026-07-28,d57c69d2154db5b3e264377d3025b4810081f17ae1d4148e265af7d408e8e19a,12,2.153051976221332e-06,1.6819920479474906,1.1777012982477919e-07,8.671220280548588e-05,3.053078188948621e-08,0.00016700376488084251,2,5470.012706695635
collective,14,1.0,8,0.00016700376488084251,0.003353981104469594,collective_n_qubits14_lam1.0_s8,pool-accuracy-l12-s1-10-2026-07-28,e63f2b774e1acaa224e5032182049d9c3da7a18dffe911b0866373254429266c,12,2.153051976221332e-06,1.6819920479474906,1.1777012982477919e-07,8.671220280548588e-05,3.053078188948621e-08,0.00016700376488084251,2,5470.012706695635
collective,14,1.0,9,1.5669742155448776e-06,0.00906783675175888,collective_n_qubits14_lam1.0_s9,pool-accuracy-l12-s1-10-2026-07-28,eebb256cc703e53e42ae7c3b78776cb04df54fb2e2ad0cdc301d8a266cbf005e,12,2.153051976221332e-06,1.6819920479474906,1.1777012982477919e-07,8.671220280548588e-05,3.053078188948621e-08,0.00016700376488084251,2,5470.012706695635
collective,14,1.0,10,3.385652685931439e-06,0.003353981104471717,collective_n_qubits14_lam1.0_s10,pool-accuracy-l12-s1-10-2026-07-28,1c417a4523ac70b014594848237ef9945817468f12a1ae9e74b2eab4d86ea095,12,2.153051976221332e-06,1.6819920479474906,1.1777012982477919e-07,8.671220280548588e-05,3.053078188948621e-08,0.00016700376488084251,2,5470.012706695635
collective,14,1.5,1,1.2235290720988804e-05,0.03390579078103491,collective_n_qubits14_lam1.5_s1,pool-accuracy-l12-s1-10-2026-07-28,80eab813e582c51a78ada7488356d39c6b3c74ae92a8430c33e6977be2b4877b,12,0.0007638751388754617,0.5608593453006883,0.00010366962452652721,0.003039925010972184,1.2235290720988804e-05,0.012154111426014474,2,993.3651519342264
collective,14,1.5,2,0.0003974295437590646,0.03045265807293442,collective_n_qubits14_lam1.5_s2,pool-accuracy-l12-s1-10-2026-07-28,240eed0e80f8caab98f6f91a65acd627b861a80e16ee97039b9771638791e09e,12,0.0007638751388754617,0.5608593453006883,0.00010366962452652721,0.003039925010972184,1.2235290720988804e-05,0.012154111426014474,2,993.3651519342264
collective,14,1.5,3,0.0005536037570868302,0.019987798158966116,collective_n_qubits14_lam1.5_s3,pool-accuracy-l12-s1-10-2026-07-28,b5f1edb9d9f4de400ddab99e5682644e8c8368cfdc55ed188bc48ea7dd3ac8c8,12,0.0007638751388754617,0.5608593453006883,0.00010366962452652721,0.003039925010972184,1.2235290720988804e-05,0.012154111426014474,2,993.3651519342264
collective,14,1.5,4,0.0005813257167481502,0.025142320841163794,collective_n_qubits14_lam1.5_s4,pool-accuracy-l12-s1-10-2026-07-28,764286769654c9d9823df7b76841950fcf2a597c75d07e4c19a28ab14302f002,12,0.0007638751388754617,0.5608593453006883,0.00010366962452652721,0.003039925010972184,1.2235290720988804e-05,0.012154111426014474,2,993.3651519342264
collective,14,1.5,5,0.0020272376315230442,0.01563589206589027,collective_n_qubits14_lam1.5_s5,pool-accuracy-l12-s1-10-2026-07-28,21eaed844ed7f4c09fb11dfeb05ac15bf37ab0e307348f64b6a427be6609a926,12,0.0007638751388754617,0.5608593453006883,0.00010366962452652721,0.003039925010972184,1.2235290720988804e-05,0.012154111426014474,2,993.3651519342264
collective,14,1.5,6,0.0009464245610027733,0.019987798158964332,collective_n_qubits14_lam1.5_s6,pool-accuracy-l12-s1-10-2026-07-28,1d97d5c791fe7bc5ea3d18420ea0a855d465c1c88879b4ab44028dab93bd816e,12,0.0007638751388754617,0.5608593453006883,0.00010366962452652721,0.003039925010972184,1.2235290720988804e-05,0.012154111426014474,2,993.3651519342264
collective,14,1.5,7,0.001652851792418463,0.02171481865006621,collective_n_qubits14_lam1.5_s7,pool-accuracy-l12-s1-10-2026-07-28,7278967f9ef49358897ebbbd6cd87f9b7d057112881e725ba4239b4de1482583,12,0.0007638751388754617,0.5608593453006883,0.00010366962452652721,0.003039925010972184,1.2235290720988804e-05,0.012154111426014474,2,993.3651519342264
collective,14,1.5,8,0.012154111426014474,0.017617044151319216,collective_n_qubits14_lam1.5_s8,pool-accuracy-l12-s1-10-2026-07-28,cdb7304281c0cf33215be72534ecb0d0ea4902e9d2ccb5d3a9c24e1a8448909f,12,0.0007638751388754617,0.5608593453006883,0.00010366962452652721,0.003039925010972184,1.2235290720988804e-05,0.012154111426014474,2,993.3651519342264
collective,14,1.5,9,0.00011382899494936482,0.024401253327568043,collective_n_qubits14_lam1.5_s9,pool-accuracy-l12-s1-10-2026-07-28,065b130fd115c7c2a5c29271a117cdc4a9f646f358fcfc4e8162f8d142972e8a,12,0.0007638751388754617,0.5608593453006883,0.00010366962452652721,0.003039925010972184,1.2235290720988804e-05,0.012154111426014474,2,993.3651519342264
collective,14,1.5,10,0.0013929521464374473,0.019421329746046403,collective_n_qubits14_lam1.5_s10,pool-accuracy-l12-s1-10-2026-07-28,73f5c7eee85631be62161dba4801f2957bea553c5bca9dfec4eb8edac84d2347,12,0.0007638751388754617,0.5608593453006883,0.00010366962452652721,0.003039925010972184,1.2235290720988804e-05,0.012154111426014474,2,993.3651519342264
collective,14,2.0,1,0.026109083281411132,0.061964277457706475,collective_n_qubits14_lam2.0_s1,pool-accuracy-l12-s1-10-2026-07-28,7ff828c2d2aa4d952b15e98090bcd0b24de3298c08a4030e9a14aa96be7d8079,12,0.005478671225788815,0.6503340775635329,0.0008718815240034012,0.01757348812820593,0.0001478626190937196,0.026109083281411132,2,176.57663202125778
collective,14,2.0,2,0.0024972541579437943,0.0789363200033527,collective_n_qubits14_lam2.0_s2,pool-accuracy-l12-s1-10-2026-07-28,4eb1281caff0d09456230de7441b3c5403fb8b6e746dd8a71df444093307b71a,12,0.005478671225788815,0.6503340775635329,0.0008718815240034012,0.01757348812820593,0.0001478626190937196,0.026109083281411132,2,176.57663202125778
collective,14,2.0,3,0.013634809874572404,0.07822350380758226,collective_n_qubits14_lam2.0_s3,pool-accuracy-l12-s1-10-2026-07-28,26668198885de5b4772522b17eb4b2d840c3cf43eafa9e7e12a2f0e4251cdcba,12,0.005478671225788815,0.6503340775635329,0.0008718815240034012,0.01757348812820593,0.0001478626190937196,0.026109083281411132,2,176.57663202125778
collective,14,2.0,4,0.006340272504400025,0.041262178248387536,collective_n_qubits14_lam2.0_s4,pool-accuracy-l12-s1-10-2026-07-28,840e8176109b7d0d12a6b1ab54dcf6975617b98472e0280145b844c44fff0dc0,12,0.005478671225788815,0.6503340775635329,0.0008718815240034012,0.01757348812820593,0.0001478626190937196,0.026109083281411132,2,176.57663202125778
collective,14,2.0,5,0.003843444352654498,0.06415721212747753,collective_n_qubits14_lam2.0_s5,pool-accuracy-l12-s1-10-2026-07-28,1ccbd808fbf985f182bfcee9ff4f33d1428477210b599a845a3e0368206fd104,12,0.005478671225788815,0.6503340775635329,0.0008718815240034012,0.01757348812820593,0.0001478626190937196,0.026109083281411132,2,176.57663202125778
collective,14,2.0,6,0.0009523280689933658,0.07174686373181315,collective_n_qubits14_lam2.0_s6,pool-accuracy-l12-s1-10-2026-07-28,0f99ef41808b6847370b70eb8786c2419073062d882ae2151b79ad144a092360,12,0.005478671225788815,0.6503340775635329,0.0008718815240034012,0.01757348812820593,0.0001478626190937196,0.026109083281411132,2,176.57663202125778
collective,14,2.0,7,0.0001478626190937196,0.05213531451835283,collective_n_qubits14_lam2.0_s7,pool-accuracy-l12-s1-10-2026-07-28,ffd41a4bc960fdcaf126adcec62fbcf9c9d687acb1a65f2e44f2a9084f6d96f7,12,0.005478671225788815,0.6503340775635329,0.0008718815240034012,0.01757348812820593,0.0001478626190937196,0.026109083281411132,2,176.57663202125778
collective,14,2.0,8,0.009767043044290826,0.06664556357738403,collective_n_qubits14_lam2.0_s8,pool-accuracy-l12-s1-10-2026-07-28,4ed573f8667541337b213ea6d72d3c46a85cd14d7b02a9def886bad0dc955d81,12,0.005478671225788815,0.6503340775635329,0.0008718815240034012,0.01757348812820593,0.0001478626190937196,0.026109083281411132,2,176.57663202125778
collective,14,2.0,9,0.016625088666738688,0.05496952205090564,collective_n_qubits14_lam2.0_s9,pool-accuracy-l12-s1-10-2026-07-28,da90c2b06003b8a72f39be968b2c237783bd94905fb942aba93fae52e189610f,12,0.005478671225788815,0.6503340775635329,0.0008718815240034012,0.01757348812820593,0.0001478626190937196,0.026109083281411132,2,176.57663202125778
collective,14,2.0,10,0.004617069947177604,0.04702566643048917,collective_n_qubits14_lam2.0_s10,pool-accuracy-l12-s1-10-2026-07-28,ac5dbe7d4d548d7c4c992c86baef5148f4c53e34e78fcb893a897646f053e62e,12,0.005478671225788815,0.6503340775635329,0.0008718815240034012,0.01757348812820593,0.0001478626190937196,0.026109083281411132,2,176.57663202125778
collective,16,1.0,1,6.751477317700852e-06,0.014214063281621479,collective_n_qubits16_lam1.0_s1,pool-accuracy-l12-s1-10-2026-07-28,dcddc99c18d89ce0274c3fa6a16b6f37a7609e9271112d2d6223b582b170a6f7,12,3.3529733938085805e-06,0.5709245379401038,1.2203118976129281e-06,4.8844645529167415e-05,4.865136563323575e-08,0.0001569538687889617,1,3226.0937950267953
collective,16,1.0,2,1.3504964011662272e-06,0.005017357050159156,collective_n_qubits16_lam1.0_s2,pool-accuracy-l12-s1-10-2026-07-28,2af4021f74144aa020568529c8f3586eae1eb67f5e8c7883cbd96fe6183ff37f,12,3.3529733938085805e-06,0.5709245379401038,1.2203118976129281e-06,4.8844645529167415e-05,4.865136563323575e-08,0.0001569538687889617,1,3226.0937950267953
collective,16,1.0,3,3.824508792121048e-06,0.014001521326766783,collective_n_qubits16_lam1.0_s3,pool-accuracy-l12-s1-10-2026-07-28,93c3562d13906f9528202aca032b4a5b6397b566a12ee360de2b820a59e4f410,12,3.3529733938085805e-06,0.5709245379401038,1.2203118976129281e-06,4.8844645529167415e-05,4.865136563323575e-08,0.0001569538687889617,1,3226.0937950267953
collective,16,1.0,4,1.3832538092009522e-06,0.014214063281626294,collective_n_qubits16_lam1.0_s4,pool-accuracy-l12-s1-10-2026-07-28,80dd6b422d57fc146b191efe83470a93a19bdba29e979b2648b1dab75445da3f,12,3.3529733938085805e-06,0.5709245379401038,1.2203118976129281e-06,4.8844645529167415e-05,4.865136563323575e-08,0.0001569538687889617,1,3226.0937950267953
collective,16,1.0,5,2.317387171132738e-06,0.006348757804779254,collective_n_qubits16_lam1.0_s5,pool-accuracy-l12-s1-10-2026-07-28,b9428efc666bc7ebc8e07b65a8fa20bfb84f6319ef382e0cc591633aa82a92ed,12,3.3529733938085805e-06,0.5709245379401038,1.2203118976129281e-06,4.8844645529167415e-05,4.865136563323575e-08,0.0001569538687889617,1,3226.0937950267953
collective,16,1.0,6,4.865136563323575e-08,0.014214063281626294,collective_n_qubits16_lam1.0_s6,pool-accuracy-l12-s1-10-2026-07-28,deff779f25ced717b1ffc98d6d42bf5346d9639a590d0487ceb47bb2b485bf18,12,3.3529733938085805e-06,0.5709245379401038,1.2203118976129281e-06,4.8844645529167415e-05,4.865136563323575e-08,0.0001569538687889617,1,3226.0937950267953
collective,16,1.0,7,3.592934741132414e-06,0.014214063281625857,collective_n_qubits16_lam1.0_s7,pool-accuracy-l12-s1-10-2026-07-28,4466a68d67471b918ad27476cde44bff366acb19839a35283545664d99ca5af7,12,3.3529733938085805e-06,0.5709245379401038,1.2203118976129281e-06,4.8844645529167415e-05,4.865136563323575e-08,0.0001569538687889617,1,3226.0937950267953
collective,16,1.0,8,3.1130120464847463e-06,0.0028330143678042736,collective_n_qubits16_lam1.0_s8,pool-accuracy-l12-s1-10-2026-07-28,5c2adb2ee8ef08129caf970e8fc7f1fda5fb988655a5b624e04f78a993ee2e70,12,3.3529733938085805e-06,0.5709245379401038,1.2203118976129281e-06,4.8844645529167415e-05,4.865136563323575e-08,0.0001569538687889617,1,3226.0937950267953
collective,16,1.0,9,0.0001569538687889617,0.005962084871067264,collective_n_qubits16_lam1.0_s9,pool-accuracy-l12-s1-10-2026-07-28,3a9d3183614b36c03ba611cb0aa56c886501544028f90c7ee605b5e9658c49f5,12,3.3529733938085805e-06,0.5709245379401038,1.2203118976129281e-06,4.8844645529167415e-05,4.865136563323575e-08,0.0001569538687889617,1,3226.0937950267953
collective,16,1.0,10,3.683250961141255e-05,0.006224215553886196,collective_n_qubits16_lam1.0_s10,pool-accuracy-l12-s1-10-2026-07-28,82038d4f413b5b8e6f91ac6b8eba2b24f2c415785cb4d0f42f677a962a7fc30d,12,3.3529733938085805e-06,0.5709245379401038,1.2203118976129281e-06,4.8844645529167415e-05,4.865136563323575e-08,0.0001569538687889617,1,3226.0937950267953
collective,16,1.5,1,0.00017965755678384392,0.033292252724139014,collective_n_qubits16_lam1.5_s1,pool-accuracy-l12-s1-10-2026-07-28,4941ce3247d84a970552373e0996719b73459a0bdc12fafbc404eeff14ca23ba,12,0.001605157377310295,1.4543428479481988,0.00014500838782735337,0.01243982158584777,7.140536811721074e-05,0.0125875201252808,5,176.28254649732483
collective,16,1.5,2,0.00017379675942108351,0.02181220600191099,collective_n_qubits16_lam1.5_s2,pool-accuracy-l12-s1-10-2026-07-28,b62706a328b031dbd7c325224eefd190f79eafc3021f397d832ef2a4533a7a0c,12,0.001605157377310295,1.4543428479481988,0.00014500838782735337,0.01243982158584777,7.140536811721074e-05,0.0125875201252808,5,176.28254649732483
collective,16,1.5,3,0.0006800319025101441,0.01943607811037742,collective_n_qubits16_lam1.5_s3,pool-accuracy-l12-s1-10-2026-07-28,6efeb442c3e1f68b6adab4df534ab64161c1ec2621b6c60dc03d1c535f129cb6,12,0.001605157377310295,1.4543428479481988,0.00014500838782735337,0.01243982158584777,7.140536811721074e-05,0.0125875201252808,5,176.28254649732483
collective,16,1.5,4,0.002530282852110446,0.049145306742870376,collective_n_qubits16_lam1.5_s4,pool-accuracy-l12-s1-10-2026-07-28,82592ff9858e2103a6693a664baf085b821e79beb7a193f3a2839d56acaa04ca,12,0.001605157377310295,1.4543428479481988,0.00014500838782735337,0.01243982158584777,7.140536811721074e-05,0.0125875201252808,5,176.28254649732483
collective,16,1.5,5,0.003609144933008594,0.026545553280349802,collective_n_qubits16_lam1.5_s5,pool-accuracy-l12-s1-10-2026-07-28,f4e166525eeb296dfe09906cb0c4094778953c5659f267d2718d29b283694aa0,12,0.001605157377310295,1.4543428479481988,0.00014500838782735337,0.01243982158584777,7.140536811721074e-05,0.0125875201252808,5,176.28254649732483
collective,16,1.5,6,0.0125875201252808,0.01943607811038678,collective_n_qubits16_lam1.5_s6,pool-accuracy-l12-s1-10-2026-07-28,0b5466ad929d7c975d09568532e3fd72c170834f8730babc15cd32f6ee2c933c,12,0.001605157377310295,1.4543428479481988,0.00014500838782735337,0.01243982158584777,7.140536811721074e-05,0.0125875201252808,5,176.28254649732483
collective,16,1.5,7,0.00015318650112848033,0.04388086783040289,collective_n_qubits16_lam1.5_s7,pool-accuracy-l12-s1-10-2026-07-28,eac00dd35f7d3e479c83a439867a7a0a81bf71787dc5c8edd7c4c08c202e364b,12,0.001605157377310295,1.4543428479481988,0.00014500838782735337,0.01243982158584777,7.140536811721074e-05,0.0125875201252808,5,176.28254649732483
collective,16,1.5,8,0.005449212158556935,0.029454764242307203,collective_n_qubits16_lam1.5_s8,pool-accuracy-l12-s1-10-2026-07-28,e4473ed03c0fca17cf3340e99c9953c82a0b781090ca2cf55035829a95aeb417,12,0.001605157377310295,1.4543428479481988,0.00014500838782735337,0.01243982158584777,7.140536811721074e-05,0.0125875201252808,5,176.28254649732483
collective,16,1.5,9,7.140536811721074e-05,0.03466925595563023,collective_n_qubits16_lam1.5_s9,pool-accuracy-l12-s1-10-2026-07-28,e48f8bad738b3d674d60668602f30593d4f488df73f68a066acea389794200f5,12,0.001605157377310295,1.4543428479481988,0.00014500838782735337,0.01243982158584777,7.140536811721074e-05,0.0125875201252808,5,176.28254649732483
collective,16,1.5,10,0.012423410637021877,0.02949222280076469,collective_n_qubits16_lam1.5_s10,pool-accuracy-l12-s1-10-2026-07-28,16799283810ee17cb7be7a81f7626c172f6925f206e19d56a9a2d5eacad7d090,12,0.001605157377310295,1.4543428479481988,0.00014500838782735337,0.01243982158584777,7.140536811721074e-05,0.0125875201252808,5,176.28254649732483
collective,16,2.0,1,0.025698765241672025,0.09981000652617714,collective_n_qubits16_lam2.0_s1,pool-accuracy-l12-s1-10-2026-07-28,2e2162ede770ab4e1e582055a2d771f8f18762639d0dcc466e32258bb9b4fb9b,12,0.02233435070186543,0.5033002921702108,0.008787502121886307,0.0702833338440158,0.0015760963975684872,0.07068927043373838,3,44.850854644927686
collective,16,2.0,2,0.07068927043373838,0.07626217361023473,collective_n_qubits16_lam2.0_s2,pool-accuracy-l12-s1-10-2026-07-28,dd04b6704439d3da20a34dce36a00489356f52948dd4c07470c0707611036240,12,0.02233435070186543,0.5033002921702108,0.008787502121886307,0.0702833338440158,0.0015760963975684872,0.07068927043373838,3,44.850854644927686
collective,16,2.0,3,0.009588769424588287,0.04274463295965871,collective_n_qubits16_lam2.0_s3,pool-accuracy-l12-s1-10-2026-07-28,9191cc789a9e296c9d11397929133ace00f28c96a990ff49719eb0f95f37020f,12,0.02233435070186543,0.5033002921702108,0.008787502121886307,0.0702833338440158,0.0015760963975684872,0.07068927043373838,3,44.850854644927686
collective,16,2.0,4,0.018969936162058835,0.09461630468221799,collective_n_qubits16_lam2.0_s4,pool-accuracy-l12-s1-10-2026-07-28,2d1fa3376ea4634e2279870c121657941876f4c33495f2b1c484e95e24dec500,12,0.02233435070186543,0.5033002921702108,0.008787502121886307,0.0702833338440158,0.0015760963975684872,0.07068927043373838,3,44.850854644927686
collective,16,2.0,5,0.0015760963975684872,0.0697927118990011,collective_n_qubits16_lam2.0_s5,pool-accuracy-l12-s1-10-2026-07-28,615234b5f1a0135e17b1ac89352a185dd2f48d02e6961f6c8d12e3e588397843,12,0.02233435070186543,0.5033002921702108,0.008787502121886307,0.0702833338440158,0.0015760963975684872,0.07068927043373838,3,44.850854644927686
collective,16,2.0,6,0.009742743948088342,0.08538813982314335,collective_n_qubits16_lam2.0_s6,pool-accuracy-l12-s1-10-2026-07-28,793d5d1ad4c7cf2ce080af9ea24ad1bcee4e603855b3651926eb6a6b3f566fe4,12,0.02233435070186543,0.5033002921702108,0.008787502121886307,0.0702833338440158,0.0015760963975684872,0.07068927043373838,3,44.850854644927686
collective,16,2.0,7,0.01687377256191116,0.07626217361023363,collective_n_qubits16_lam2.0_s7,pool-accuracy-l12-s1-10-2026-07-28,5b7a3734b341afc854811870019f441346dd93587e1821b511b5d1bf1be0c793,12,0.02233435070186543,0.5033002921702108,0.008787502121886307,0.0702833338440158,0.0015760963975684872,0.07068927043373838,3,44.850854644927686
collective,16,2.0,8,0.03457757874889613,0.09976260668953615,collective_n_qubits16_lam2.0_s8,pool-accuracy-l12-s1-10-2026-07-28,0ec11090b8ae2e512e1bc65938a0304851463fc61df994e971f119274f813cce,12,0.02233435070186543,0.5033002921702108,0.008787502121886307,0.0702833338440158,0.0015760963975684872,0.07068927043373838,3,44.850854644927686
collective,16,2.0,9,0.037440615891513096,0.06234890916279252,collective_n_qubits16_lam2.0_s9,pool-accuracy-l12-s1-10-2026-07-28,29c258d046839d2c59362881f5a243d5c2bef1f760b3be3dc669c5af7fd8d280,12,0.02233435070186543,0.5033002921702108,0.008787502121886307,0.0702833338440158,0.0015760963975684872,0.07068927043373838,3,44.850854644927686
collective,16,2.0,10,0.07023822977849108,0.11134324585255206,collective_n_qubits16_lam2.0_s10,pool-accuracy-l12-s1-10-2026-07-28,c6d5a179f9af886bd84bab5dcd37ad49ba19229b0719b807c43a1569715816f3,12,0.02233435070186543,0.5033002921702108,0.008787502121886307,0.0702833338440158,0.0015760963975684872,0.07068927043373838,3,44.850854644927686
pairwise-all,8,0.5,1,0.004210238895585443,0.005408988864771869,pairwise-all_n_qubits8_lam0.5_s1,pool-accuracy-l12-s1-10-2026-07-28,5080bfd945fe2a4a61accf5226364ec0d2be8f69004f648bf8f57e2409cbb7d7,12,0.004088712190643518,0.009574905751274176,0.003967223732995991,0.0042102388955854875,0.003967185485937517,0.004210238895585886,10,1.0612659555520962
pairwise-all,8,0.5,2,0.003967185485937517,0.009823740051935407,pairwise-all_n_qubits8_lam0.5_s2,pool-accuracy-l12-s1-10-2026-07-28,9f81213c28088ecdd37871d20703e14dfcca215d13daa55ef1671e278b73c70e,12,0.004088712190643518,0.009574905751274176,0.003967223732995991,0.0042102388955854875,0.003967185485937517,0.004210238895585886,10,1.0612659555520962
pairwise-all,8,0.5,3,0.004088712190629477,0.006113479234044833,pairwise-all_n_qubits8_lam0.5_s3,pool-accuracy-l12-s1-10-2026-07-28,98baee23f47b2778b0657ba3ee7746e74008902d8510662e638bcac18099ea78,12,0.004088712190643518,0.009574905751274176,0.003967223732995991,0.0042102388955854875,0.003967185485937517,0.004210238895585886,10,1.0612659555520962
pairwise-all,8,0.5,4,0.004088712190628814,0.006043013446545236,pairwise-all_n_qubits8_lam0.5_s4,pool-accuracy-l12-s1-10-2026-07-28,ed250026583a4420c80e5cb63297049bd69c4b15e12da68ce66bd74429e64b08,12,0.004088712190643518,0.009574905751274176,0.003967223732995991,0.0042102388955854875,0.003967185485937517,0.004210238895585886,10,1.0612659555520962
pairwise-all,8,0.5,5,0.004088712190629919,0.0052602256893113045,pairwise-all_n_qubits8_lam0.5_s5,pool-accuracy-l12-s1-10-2026-07-28,575ca39c046625e3be6ec00467f0f8223de331e2bef0563b9547e017c102173a,12,0.004088712190643518,0.009574905751274176,0.003967223732995991,0.0042102388955854875,0.003967185485937517,0.004210238895585886,10,1.0612659555520962
pairwise-all,8,0.5,6,0.004210238895585443,0.004210238895585443,pairwise-all_n_qubits8_lam0.5_s6,pool-accuracy-l12-s1-10-2026-07-28,6fec43dc68c30af7ff213af20a84ab5adf453a6b2d72eb79ec9b19a7dadd76e8,12,0.004088712190643518,0.009574905751274176,0.003967223732995991,0.0042102388955854875,0.003967185485937517,0.004210238895585886,10,1.0612659555520962
pairwise-all,8,0.5,7,0.0040887121906978,0.006383500487789497,pairwise-all_n_qubits8_lam0.5_s7,pool-accuracy-l12-s1-10-2026-07-28,6818a0d9ad8101a9028d04445daa588f6064c2ea59a2dc92c64eda31e191dd64,12,0.004088712190643518,0.009574905751274176,0.003967223732995991,0.0042102388955854875,0.003967185485937517,0.004210238895585886,10,1.0612659555520962
pairwise-all,8,0.5,8,0.004210238895585886,0.005408988864772311,pairwise-all_n_qubits8_lam0.5_s8,pool-accuracy-l12-s1-10-2026-07-28,558edbda62fa133ef7a5db0de36eba7ec67e5563f0123098bcd4a6a53752bffc,12,0.004088712190643518,0.009574905751274176,0.003967223732995991,0.0042102388955854875,0.003967185485937517,0.004210238895585886,10,1.0612659555520962
pairwise-all,8,0.5,9,0.004088712190657116,0.004210238895585886,pairwise-all_n_qubits8_lam0.5_s9,pool-accuracy-l12-s1-10-2026-07-28,cd0f2a5dac761a7e0123adb8a6c2c8d2444ef4cd34b09b28a5740235e63cfd76,12,0.004088712190643518,0.009574905751274176,0.003967223732995991,0.0042102388955854875,0.003967185485937517,0.004210238895585886,10,1.0612659555520962
pairwise-all,8,0.5,10,0.003967227982669155,0.006272844917315479,pairwise-all_n_qubits8_lam0.5_s10,pool-accuracy-l12-s1-10-2026-07-28,1335c894a3ee5d161e6adc2d26fe714f977308e601d9381e5bf10ca9dbc5e361,12,0.004088712190643518,0.009574905751274176,0.003967223732995991,0.0042102388955854875,0.003967185485937517,0.004210238895585886,10,1.0612659555520962
pairwise-all,8,1.0,1,0.020912237118822122,0.0224361045502627,pairwise-all_n_qubits8_lam1.0_s1,pool-accuracy-pairwise-l12-s1-10-2026-07-29,769d22a931cb92a728e2def714434fb2d1db71c5a1120581dd18dc7bd72878af,12,0.020915108846626028,0.00979761727553008,0.020807238839195726,0.02186651456689965,0.020438325452444717,0.021866514566899847,10,1.0698779906298193
pairwise-all,8,1.0,2,0.020848229215501394,0.024534825030320676,pairwise-all_n_qubits8_lam1.0_s2,pool-accuracy-pairwise-l12-s1-10-2026-07-29,2d93c2b7a734841f07a236c70fbf9040067839f84b44f7e41e676659fa8daae9,12,0.020915108846626028,0.00979761727553008,0.020807238839195726,0.02186651456689965,0.020438325452444717,0.021866514566899847,10,1.0698779906298193
pairwise-all,8,1.0,3,0.020438325452444717,0.024157588277900204,pairwise-all_n_qubits8_lam1.0_s3,pool-accuracy-pairwise-l12-s1-10-2026-07-29,c7484424c0338ea9e210798e6eee68746950cee64ee420b85d4145f81f1f757e,12,0.020915108846626028,0.00979761727553008,0.020807238839195726,0.02186651456689965,0.020438325452444717,0.021866514566899847,10,1.0698779906298193
pairwise-all,8,1.0,4,0.02091546419067554,0.022264161054080748,pairwise-all_n_qubits8_lam1.0_s4,pool-accuracy-pairwise-l12-s1-10-2026-07-29,62a4791b6b4b2e8ee8a6a2cf7acd94c1c6a8be4b64166ad6baffec1c375416fd,12,0.020915108846626028,0.00979761727553008,0.020807238839195726,0.02186651456689965,0.020438325452444717,0.021866514566899847,10,1.0698779906298193
pairwise-all,8,1.0,5,0.021866514566899847,0.021866514566899954,pairwise-all_n_qubits8_lam1.0_s5,pool-accuracy-pairwise-l12-s1-10-2026-07-29,dcee2204302ead9390381572fc21c340d9b279b4fb3eb075095de9b18454290d,12,0.020915108846626028,0.00979761727553008,0.020807238839195726,0.02186651456689965,0.020438325452444717,0.021866514566899847,10,1.0698779906298193
pairwise-all,8,1.0,6,0.021866514566899628,0.02304400958775862,pairwise-all_n_qubits8_lam1.0_s6,pool-accuracy-pairwise-l12-s1-10-2026-07-29,4ec5477f88f82c9cc4284ac613c00b9d31e6f4f4da4a581f2e72eabba32f7c40,12,0.020915108846626028,0.00979761727553008,0.020807238839195726,0.02186651456689965,0.020438325452444717,0.021866514566899847,10,1.0698779906298193
pairwise-all,8,1.0,7,0.020912237088376966,0.026516727440391876,pairwise-all_n_qubits8_lam1.0_s7,pool-accuracy-pairwise-l12-s1-10-2026-07-29,9809744ff7f96f2ab8b4c548636156e90ea52c84a92742d7c746d65a486594aa,12,0.020915108846626028,0.00979761727553008,0.020807238839195726,0.02186651456689965,0.020438325452444717,0.021866514566899847,10,1.0698779906298193
pairwise-all,8,1.0,8,0.0213893758276175,0.024456823311735095,pairwise-all_n_qubits8_lam1.0_s8,pool-accuracy-pairwise-l12-s1-10-2026-07-29,08640a7bcb82240e15ee18f0ac2aa31a5d968bc7cdee9ce12bf05fd86eaab885,12,0.020915108846626028,0.00979761727553008,0.020807238839195726,0.02186651456689965,0.020438325452444717,0.021866514566899847,10,1.0698779906298193
pairwise-all,8,1.0,9,0.021389375827617282,0.021866514566899954,pairwise-all_n_qubits8_lam1.0_s9,pool-accuracy-pairwise-l12-s1-10-2026-07-29,8eb3628cb889c9b835923c9fdce75eb6d4fd3c70c5ed3c9c98b2f20f818fce45,12,0.020915108846626028,0.00979761727553008,0.020807238839195726,0.02186651456689965,0.020438325452444717,0.021866514566899847,10,1.0698779906298193
pairwise-all,8,1.0,10,0.020914753502576516,0.023355559890278356,pairwise-all_n_qubits8_lam1.0_s10,pool-accuracy-pairwise-l12-s1-10-2026-07-29,bae0c2cd40df708e38c23ba947e22b03d079f7168c3a49d6e6c174929190ed4f,12,0.020915108846626028,0.00979761727553008,0.020807238839195726,0.02186651456689965,0.020438325452444717,0.021866514566899847,10,1.0698779906298193
pairwise-all,8,1.5,1,0.06570703171744789,0.06712967765954021,pairwise-all_n_qubits8_lam1.5_s1,pool-accuracy-pairwise-l12-s1-10-2026-07-29,9163cccaf7131baf2d2903f8813ae6b6e338861295b23290bc8ca38556458caa,12,0.06520335713333628,0.015196697913258728,0.06233877239933973,0.0658093402067683,0.06122852601955523,0.0667301095859509,10,1.089853274675248
pairwise-all,8,1.5,2,0.06570703171744872,0.06815661907272245,pairwise-all_n_qubits8_lam1.5_s2,pool-accuracy-pairwise-l12-s1-10-2026-07-29,6b6c21bea33cdc4175f9ffb4370e04e969c2614ae3a8ce00901ed09bdfc09f62,12,0.06520335713333628,0.015196697913258728,0.06233877239933973,0.0658093402067683,0.06122852601955523,0.0667301095859509,10,1.089853274675248
pairwise-all,8,1.5,3,0.06246213310820467,0.06510891239891763,pairwise-all_n_qubits8_lam1.5_s3,pool-accuracy-pairwise-l12-s1-10-2026-07-29,feb84b732a5bbd157db13d23d2561815859f954dc1cc6d12652e63fbf0b02b8c,12,0.06520335713333628,0.015196697913258728,0.06233877239933973,0.0658093402067683,0.06122852601955523,0.0667301095859509,10,1.089853274675248
pairwise-all,8,1.5,4,0.0634475926632781,0.06561488618771923,pairwise-all_n_qubits8_lam1.5_s4,pool-accuracy-pairwise-l12-s1-10-2026-07-29,7673c0f8217927d62cc0e6a93f4a28161075576ecf414a7898de9b9575624b19,12,0.06520335713333628,0.015196697913258728,0.06233877239933973,0.0658093402067683,0.06122852601955523,0.0667301095859509,10,1.089853274675248
pairwise-all,8,1.5,5,0.06570703171744831,0.0664934709836032,pairwise-all_n_qubits8_lam1.5_s5,pool-accuracy-pairwise-l12-s1-10-2026-07-29,4685505da91d5cd9c318467257803469ba78c6c90afa592819641a6bc25e0c45,12,0.06520335713333628,0.015196697913258728,0.06233877239933973,0.0658093402067683,0.06122852601955523,0.0667301095859509,10,1.089853274675248
pairwise-all,8,1.5,6,0.0667301095859509,0.06785359698868813,pairwise-all_n_qubits8_lam1.5_s6,pool-accuracy-pairwise-l12-s1-10-2026-07-29,e6fbbcb4b2bd6199b39169dab331655292417d8327c14bd8845b94e6cd75caed,12,0.06520335713333628,0.015196697913258728,0.06233877239933973,0.0658093402067683,0.06122852601955523,0.0667301095859509,10,1.089853274675248
pairwise-all,8,1.5,7,0.06469968254922467,0.06881587721096719,pairwise-all_n_qubits8_lam1.5_s7,pool-accuracy-pairwise-l12-s1-10-2026-07-29,5cd689e86e2f014065cbefa16b4136b0d48593f63081f6298f74426d4f7bc9c7,12,0.06520335713333628,0.015196697913258728,0.06233877239933973,0.0658093402067683,0.06122852601955523,0.0667301095859509,10,1.089853274675248
pairwise-all,8,1.5,8,0.06570703249797023,0.06684072408904772,pairwise-all_n_qubits8_lam1.5_s8,pool-accuracy-pairwise-l12-s1-10-2026-07-29,7d4ba99416890131fb0c3d95af089c2717851e3330b640d2fe10451f270b531f,12,0.06520335713333628,0.015196697913258728,0.06233877239933973,0.0658093402067683,0.06122852601955523,0.0667301095859509,10,1.089853274675248
pairwise-all,8,1.5,9,0.06122852601955523,0.06402732626657534,pairwise-all_n_qubits8_lam1.5_s9,pool-accuracy-pairwise-l12-s1-10-2026-07-29,1ae9c6e65cc3e3cd5da1e0e73ca2e86d3eb1577843ee732dece302bd0d770b9a,12,0.06520335713333628,0.015196697913258728,0.06233877239933973,0.0658093402067683,0.06122852601955523,0.0667301095859509,10,1.089853274675248
pairwise-all,8,1.5,10,0.06344759382995156,0.06674636785553723,pairwise-all_n_qubits8_lam1.5_s10,pool-accuracy-pairwise-l12-s1-10-2026-07-29,3c77ed294e0ed2772571c9e97fd3fcff4f8c284fde8ba99e3ab33cfcc9802ccb,12,0.06520335713333628,0.015196697913258728,0.06233877239933973,0.0658093402067683,0.06122852601955523,0.0667301095859509,10,1.089853274675248
pairwise-all,8,2.0,1,0.1436991940142948,0.14830585315462314,pairwise-all_n_qubits8_lam2.0_s1,pool-accuracy-pairwise-l12-s1-10-2026-07-29,ae277f0fd4a650e75560a52bac04164a861a6d91382fd4d22de0993345fabc0f,12,0.144164406724998,0.004498358570640182,0.14319253885675715,0.1462055987081427,0.13976535564388753,0.1476560882009767,10,1.0564569990949273
pairwise-all,8,2.0,2,0.14443711172487933,0.15085788068073896,pairwise-all_n_qubits8_lam2.0_s2,pool-accuracy-pairwise-l12-s1-10-2026-07-29,16ad2fe683c7d66cbba7bd48929fd42977a3e7d401791d17482f3828eadaa987,12,0.144164406724998,0.004498358570640182,0.14319253885675715,0.1462055987081427,0.13976535564388753,0.1476560882009767,10,1.0564569990949273
pairwise-all,8,2.0,3,0.14357333699152044,0.1460113402203273,pairwise-all_n_qubits8_lam2.0_s3,pool-accuracy-pairwise-l12-s1-10-2026-07-29,0ed187f0f8673c1e6f34903ba12eafc90a075a8e3ffec34525efec3e4e712694,12,0.144164406724998,0.004498358570640182,0.14319253885675715,0.1462055987081427,0.13976535564388753,0.1476560882009767,10,1.0564569990949273
pairwise-all,8,2.0,4,0.14439521444304598,0.14730734468098008,pairwise-all_n_qubits8_lam2.0_s4,pool-accuracy-pairwise-l12-s1-10-2026-07-29,a732ffc80ac26b348b2d97e69388ff3a425ad6c70bcb50f7e703e6518d6c56f3,12,0.144164406724998,0.004498358570640182,0.14319253885675715,0.1462055987081427,0.13976535564388753,0.1476560882009767,10,1.0564569990949273
pairwise-all,8,2.0,5,0.14393359900695002,0.14790714316596337,pairwise-all_n_qubits8_lam2.0_s5,pool-accuracy-pairwise-l12-s1-10-2026-07-29,877305c7e746c5570dc2d1c2ec20072aa2270a8e22f381943623a57d25fbb65b,12,0.144164406724998,0.004498358570640182,0.14319253885675715,0.1462055987081427,0.13976535564388753,0.1476560882009767,10,1.0564569990949273
pairwise-all,8,2.0,6,0.13976535564388753,0.14443320958278677,pairwise-all_n_qubits8_lam2.0_s6,pool-accuracy-pairwise-l12-s1-10-2026-07-29,5b3c223d6d517395ad7d7fdc3e99c66310ad963ecf819ed8a6ab1644daac405a,12,0.144164406724998,0.004498358570640182,0.14319253885675715,0.1462055987081427,0.13976535564388753,0.1476560882009767,10,1.0564569990949273
pairwise-all,8,2.0,7,0.1476560882009767,0.1478417345536882,pairwise-all_n_qubits8_lam2.0_s7,pool-accuracy-pairwise-l12-s1-10-2026-07-29,69c8fccd77edcea864e50bbe1b557f8d02db20f453042d919442945307d0f951,12,0.144164406724998,0.004498358570640182,0.14319253885675715,0.1462055987081427,0.13976535564388753,0.1476560882009767,10,1.0564569990949273
pairwise-all,8,2.0,8,0.14604443320893892,0.15090266057790783,pairwise-all_n_qubits8_lam2.0_s8,pool-accuracy-pairwise-l12-s1-10-2026-07-29,55f788e4f06981a83478deb1a655a1748c3f31f6bac2553ac34e9bb2746b0d58,12,0.144164406724998,0.004498358570640182,0.14319253885675715,0.1462055987081427,0.13976535564388753,0.1476560882009767,10,1.0564569990949273
pairwise-all,8,2.0,9,0.14552448742972446,0.14818568060469786,pairwise-all_n_qubits8_lam2.0_s9,pool-accuracy-pairwise-l12-s1-10-2026-07-29,434876a52c8a14c27192ec832b0347874474ad2a4afeb68427a3b57dd5ac4a6c,12,0.144164406724998,0.004498358570640182,0.14319253885675715,0.1462055987081427,0.13976535564388753,0.1476560882009767,10,1.0564569990949273
pairwise-all,8,2.0,10,0.14392602919606884,0.14717960971901292,pairwise-all_n_qubits8_lam2.0_s10,pool-accuracy-pairwise-l12-s1-10-2026-07-29,bef4c1f36e9ffd425e3fe2c917aee1d4b5ff63daf6e1537a1ed91bf6618eeac8,12,0.144164406724998,0.004498358570640182,0.14319253885675715,0.1462055987081427,0.13976535564388753,0.1476560882009767,10,1.0564569990949273
pairwise-all,10,0.5,1,0.003470152584280518,0.004013103911978313,pairwise-all_n_qubits10_lam0.5_s1,pool-accuracy-l12-s1-10-2026-07-28,551c58d869d981c117e16497d18b1d18048332cf1c1da02bd50462b226213152,12,0.0034390567023409495,0.013856675621998882,0.0033416123276684287,0.0035324220790629683,0.0033344226566016477,0.0035324220790634462,10,1.0593804213961269
pairwise-all,10,0.5,2,0.00334561359258543,0.005970327316442377,pairwise-all_n_qubits10_lam0.5_s2,pool-accuracy-l12-s1-10-2026-07-28,41a9859b1bf70430ddfca8537e70e03dceb9e83ed6803676dd765fabcf8895d4,12,0.0034390567023409495,0.013856675621998882,0.0033416123276684287,0.0035324220790629683,0.0033344226566016477,0.0035324220790634462,10,1.0593804213961269
pairwise-all,10,0.5,3,0.0035324220790634462,0.004492074829059868,pairwise-all_n_qubits10_lam0.5_s3,pool-accuracy-l12-s1-10-2026-07-28,d8f7b027bc43007b6d9fee53c4848a3af329826c5dbf6bf676fb38621b122ca5,12,0.0034390567023409495,0.013856675621998882,0.0033416123276684287,0.0035324220790629683,0.0033344226566016477,0.0035324220790634462,10,1.0593804213961269
pairwise-all,10,0.5,4,0.0034701525835321274,0.004444207716317156,pairwise-all_n_qubits10_lam0.5_s4,pool-accuracy-l12-s1-10-2026-07-28,50ca6ce25a110f363708b1dca9430cb0f440a6029f3a702e57b6e1db9b7c7a65,12,0.0034390567023409495,0.013856675621998882,0.0033416123276684287,0.0035324220790629683,0.0033344226566016477,0.0035324220790634462,10,1.0593804213961269
pairwise-all,10,0.5,5,0.0035324220790629154,0.006411380329052535,pairwise-all_n_qubits10_lam0.5_s5,pool-accuracy-l12-s1-10-2026-07-28,99586368e1cbe26ebdebda6015d67da401658ec01e915f14d6944d0c0104a831,12,0.0034390567023409495,0.013856675621998882,0.0033416123276684287,0.0035324220790629683,0.0033344226566016477,0.0035324220790634462,10,1.0593804213961269
pairwise-all,10,0.5,6,0.0033344226566016477,0.006393100428627775,pairwise-all_n_qubits10_lam0.5_s6,pool-accuracy-l12-s1-10-2026-07-28,32183c271b8b61a6d51f186164c8f5e608def65477170487856969c072300230,12,0.0034390567023409495,0.013856675621998882,0.0033416123276684287,0.0035324220790629683,0.0033344226566016477,0.0035324220790634462,10,1.0593804213961269
pairwise-all,10,0.5,7,0.00347015258354381,0.004350312997129887,pairwise-all_n_qubits10_lam0.5_s7,pool-accuracy-l12-s1-10-2026-07-28,8d16db964a80fb23cbb5e17f9103d842f38082904e9df34bd7764b1f923ed7cd,12,0.0034390567023409495,0.013856675621998882,0.0033416123276684287,0.0035324220790629683,0.0033344226566016477,0.0035324220790634462,10,1.0593804213961269
pairwise-all,10,0.5,8,0.0034078830920385426,0.005363280687569434,pairwise-all_n_qubits10_lam0.5_s8,pool-accuracy-l12-s1-10-2026-07-28,3d2a68362b3d4544ca1e91915826af91e276d9a24d0e188bed25e74a908f827d,12,0.0034390567023409495,0.013856675621998882,0.0033416123276684287,0.0035324220790629683,0.0033344226566016477,0.0035324220790634462,10,1.0593804213961269
pairwise-all,10,0.5,9,0.0034079608211497717,0.006380530454933549,pairwise-all_n_qubits10_lam0.5_s9,pool-accuracy-l12-s1-10-2026-07-28,c48765e985788e2f9487f62b34ad844a6390ceb05593ed9d7edd420de0007a35,12,0.0034390567023409495,0.013856675621998882,0.0033416123276684287,0.0035324220790629683,0.0033344226566016477,0.0035324220790634462,10,1.0593804213961269
pairwise-all,10,0.5,10,0.003342411180009182,0.006967083922005562,pairwise-all_n_qubits10_lam0.5_s10,pool-accuracy-l12-s1-10-2026-07-28,40135c155dd4976b1f95969069d27af6054f8a03281a4f6725a6f314cfbdcb13,12,0.0034390567023409495,0.013856675621998882,0.0033416123276684287,0.0035324220790629683,0.0033344226566016477,0.0035324220790634462,10,1.0593804213961269
pairwise-all,10,1.0,1,0.01899237573478187,0.0195021886463485,pairwise-all_n_qubits10_lam1.0_s1,pool-accuracy-pairwise-l12-s1-10-2026-07-29,3c495b43aea88f32235c8804c252dabf8ac4fd5e11af27f6a534d2f77684001a,12,0.01899237573478187,0.00420612281917121,0.01869219004411388,0.018992375734812203,0.018195857154603874,0.01899237573484215,10,1.0437747215462583
pairwise-all,10,1.0,2,0.018747338142948326,0.020259173292329218,pairwise-all_n_qubits10_lam1.0_s2,pool-accuracy-pairwise-l12-s1-10-2026-07-29,d87365287cbbf5c4083901eecff1c0309e7756b3390c8fdfa40c41fc7d19282d,12,0.01899237573478187,0.00420612281917121,0.01869219004411388,0.018992375734812203,0.018195857154603874,0.01899237573484215,10,1.0437747215462583
pairwise-all,10,1.0,3,0.01874830578896417,0.021111235212509547,pairwise-all_n_qubits10_lam1.0_s3,pool-accuracy-pairwise-l12-s1-10-2026-07-29,dd71d4087cebeba2289d3bebc8ddabe72b73948be433e53ef96b0313419acf03,12,0.01899237573478187,0.00420612281917121,0.01869219004411388,0.018992375734812203,0.018195857154603874,0.01899237573484215,10,1.0437747215462583
pairwise-all,10,1.0,4,0.018992375734787622,0.020936651879227552,pairwise-all_n_qubits10_lam1.0_s4,pool-accuracy-pairwise-l12-s1-10-2026-07-29,bda3b353b50c442515d3f50f40e157827477adc9a55d122d0df1ad342e1c6bd5,12,0.01899237573478187,0.00420612281917121,0.01869219004411388,0.018992375734812203,0.018195857154603874,0.01899237573484215,10,1.0437747215462583
pairwise-all,10,1.0,5,0.018992375734808876,0.019237413328550636,pairwise-all_n_qubits10_lam1.0_s5,pool-accuracy-pairwise-l12-s1-10-2026-07-29,2620a28b72c424ecc92c7eb97ef38e55bd39e09a069bf1c9afb8cd292a051853,12,0.01899237573478187,0.00420612281917121,0.01869219004411388,0.018992375734812203,0.018195857154603874,0.01899237573484215,10,1.0437747215462583
pairwise-all,10,1.0,6,0.018992375734782917,0.0199943979745324,pairwise-all_n_qubits10_lam1.0_s6,pool-accuracy-pairwise-l12-s1-10-2026-07-29,8a698337ddbdcb5ed7d45fef0c4b714c99424c5394bc700b0c11e8162b9e9358,12,0.01899237573478187,0.00420612281917121,0.01869219004411388,0.018992375734812203,0.018195857154603874,0.01899237573484215,10,1.0437747215462583
pairwise-all,10,1.0,7,0.01899237573478187,0.0209812458903796,pairwise-all_n_qubits10_lam1.0_s7,pool-accuracy-pairwise-l12-s1-10-2026-07-29,bb3d1131aeb8925a6541e83e668fa3c3e3fb66660e8d8817cd5921edeab8ca85,12,0.01899237573478187,0.00420612281917121,0.01869219004411388,0.018992375734812203,0.018195857154603874,0.01899237573484215,10,1.0437747215462583
pairwise-all,10,1.0,8,0.018195857154603874,0.019744612589030944,pairwise-all_n_qubits10_lam1.0_s8,pool-accuracy-pairwise-l12-s1-10-2026-07-29,36a38d92cdcaec3bc7e5ed9ca8d258aa86c412963c3078399e6e77b59196a080,12,0.01899237573478187,0.00420612281917121,0.01869219004411388,0.018992375734812203,0.018195857154603874,0.01899237573484215,10,1.0437747215462583
pairwise-all,10,1.0,9,0.01899237573484215,0.021318984710289198,pairwise-all_n_qubits10_lam1.0_s9,pool-accuracy-pairwise-l12-s1-10-2026-07-29,0a2b76ba6cdccd07c1ae1318fd3808fbe10024e9e94f40ddf7ff00274feef25a,12,0.01899237573478187,0.00420612281917121,0.01869219004411388,0.018992375734812203,0.018195857154603874,0.01899237573484215,10,1.0437747215462583
pairwise-all,10,1.0,10,0.018992375734781696,0.020181941313452176,pairwise-all_n_qubits10_lam1.0_s10,pool-accuracy-pairwise-l12-s1-10-2026-07-29,135efcb538629cbc512e17acef541f0feb29c089ede1649bc4e816ec58c8ed65,12,0.01899237573478187,0.00420612281917121,0.01869219004411388,0.018992375734812203,0.018195857154603874,0.01899237573484215,10,1.0437747215462583
pairwise-all,10,1.5,1,0.06387512325159016,0.06569138058691276,pairwise-all_n_qubits10_lam1.5_s1,pool-accuracy-l12-s1-10-2026-07-28,958978c2cffab966acb8c5b9fb6ef88bb567f9ecb863ccfe8f9202d5e45d7791,12,0.06414060559211765,0.006184111115007829,0.0633471202508874,0.06445288918786694,0.06327003887537475,0.06492560677187746,10,1.0261666963689362
pairwise-all,10,1.5,2,0.06440036501114589,0.06599097872008365,pairwise-all_n_qubits10_lam1.5_s2,pool-accuracy-l12-s1-10-2026-07-28,682502082b0be40c87dd176ff07930e65f4d5b24a93dcf3070efe891a22cb93e,12,0.06414060559211765,0.006184111115007829,0.0633471202508874,0.06445288918786694,0.06327003887537475,0.06492560677187746,10,1.0261666963689362
pairwise-all,10,1.5,3,0.06327003887537475,0.06557266715530495,pairwise-all_n_qubits10_lam1.5_s3,pool-accuracy-l12-s1-10-2026-07-28,c688c792183d8d57b8d067c3b5f34a05fd52f421549df6c64eaf7d4609e65342,12,0.06414060559211765,0.006184111115007829,0.0633471202508874,0.06445288918786694,0.06327003887537475,0.06492560677187746,10,1.0261666963689362
pairwise-all,10,1.5,4,0.06335568484816659,0.0664583465639595,pairwise-all_n_qubits10_lam1.5_s4,pool-accuracy-l12-s1-10-2026-07-28,dbcc4d3689330f5a1de9783e8c7fce40e325ea941fa3cac5b563d85550976f47,12,0.06414060559211765,0.006184111115007829,0.0633471202508874,0.06445288918786694,0.06327003887537475,0.06492560677187746,10,1.0261666963689362
pairwise-all,10,1.5,5,0.06388084617309556,0.06719264434274472,pairwise-all_n_qubits10_lam1.5_s5,pool-accuracy-l12-s1-10-2026-07-28,8ef4aa750c3c57a48d1a349c1864d65723951fbdc089151d8d8da414b2ad6a5e,12,0.06414060559211765,0.006184111115007829,0.0633471202508874,0.06445288918786694,0.06327003887537475,0.06492560677187746,10,1.0261666963689362
pairwise-all,10,1.5,6,0.06492560677187746,0.06492560677187763,pairwise-all_n_qubits10_lam1.5_s6,pool-accuracy-l12-s1-10-2026-07-28,844e8b59b309d38e58dd44f8a35e7fd82227e23cf470be5a3e7aaf33c7c8c793,12,0.06414060559211765,0.006184111115007829,0.0633471202508874,0.06445288918786694,0.06327003887537475,0.06492560677187746,10,1.0261666963689362
pairwise-all,10,1.5,7,0.06336140935476084,0.06667607933938366,pairwise-all_n_qubits10_lam1.5_s7,pool-accuracy-l12-s1-10-2026-07-28,f8d720f350a452c3262126a8ad8b63bd31a948a029f23981744d0843ee9222c9,12,0.06414060559211765,0.006184111115007829,0.0633471202508874,0.06445288918786694,0.06327003887537475,0.06492560677187746,10,1.0261666963689362
pairwise-all,10,1.5,8,0.06440036501186577,0.06668773813985053,pairwise-all_n_qubits10_lam1.5_s8,pool-accuracy-l12-s1-10-2026-07-28,bca7290e88d1a0aeef5288ed1023c795ed667bcadbd237b4c07c2ac498b03efe,12,0.06414060559211765,0.006184111115007829,0.0633471202508874,0.06445288918786694,0.06327003887537475,0.06492560677187746,10,1.0261666963689362
pairwise-all,10,1.5,9,0.06440036501113974,0.06620054919105527,pairwise-all_n_qubits10_lam1.5_s9,pool-accuracy-l12-s1-10-2026-07-28,423f0f3029a2518e7adcb8af859a9f5e0f2b8f4a86d65a4d3fc826bb4bb2d826,12,0.06414060559211765,0.006184111115007829,0.0633471202508874,0.06445288918786694,0.06327003887537475,0.06492560677187746,10,1.0261666963689362
pairwise-all,10,1.5,10,0.06440036501114207,0.06648408581101113,pairwise-all_n_qubits10_lam1.5_s10,pool-accuracy-l12-s1-10-2026-07-28,0f4f51e5e8978337338ee5d03d74ee35a2972ed31706763ce40b6f83c1e594b6,12,0.06414060559211765,0.006184111115007829,0.0633471202508874,0.06445288918786694,0.06327003887537475,0.06492560677187746,10,1.0261666963689362
pairwise-all,10,2.0,1,0.15349658759798712,0.15797109480736135,pairwise-all_n_qubits10_lam2.0_s1,pool-accuracy-pairwise-l12-s1-10-2026-07-29,f8ee2698763a6ace198ecf4659e11de2bd7cf01a888d9ebe2e3d5878f029bb34,12,0.1549299459844205,0.002757009511950459,0.15367758922026875,0.15619250866610285,0.15349658759798712,0.15619250866610312,10,1.0175633941464335
pairwise-all,10,2.0,2,0.15619250866610312,0.15619250866610282,pairwise-all_n_qubits10_lam2.0_s2,pool-accuracy-pairwise-l12-s1-10-2026-07-29,70938b85a33f97da4d7e6c79cb22318771084398fc7caa20663e3cbef29a968d,12,0.1549299459844205,0.002757009511950459,0.15367758922026875,0.15619250866610285,0.15349658759798712,0.15619250866610312,10,1.0175633941464335
pairwise-all,10,2.0,3,0.15450909175747174,0.1553171745038502,pairwise-all_n_qubits10_lam2.0_s3,pool-accuracy-pairwise-l12-s1-10-2026-07-29,163c71cb65fc4c72ff495f9ed6684d753fb40e4e2c784429264e32e45943c71f,12,0.1549299459844205,0.002757009511950459,0.15367758922026875,0.15619250866610285,0.15349658759798712,0.15619250866610312,10,1.0175633941464335
pairwise-all,10,2.0,4,0.15535080021139983,0.15637212486320023,pairwise-all_n_qubits10_lam2.0_s4,pool-accuracy-pairwise-l12-s1-10-2026-07-29,2e5763b3807f1aff46bf826d0935ec58b5804e736c120d5eb2ed7c32f7ca0d33,12,0.1549299459844205,0.002757009511950459,0.15367758922026875,0.15619250866610285,0.15349658759798712,0.15619250866610312,10,1.0175633941464335
pairwise-all,10,2.0,5,0.15450909175663685,0.15676510610754665,pairwise-all_n_qubits10_lam2.0_s5,pool-accuracy-pairwise-l12-s1-10-2026-07-29,efd95cc9c08648bf056374006125897de1217e53aa16dbe79a134edc0e85eff0,12,0.1549299459844205,0.002757009511950459,0.15367758922026875,0.15619250866610285,0.15349658759798712,0.15619250866610312,10,1.0175633941464335
pairwise-all,10,2.0,6,0.15369770051163337,0.15511513178964467,pairwise-all_n_qubits10_lam2.0_s6,pool-accuracy-pairwise-l12-s1-10-2026-07-29,30a7fcc7a61d717c00cd08adb72964ec354b63d26baab45528bce26ea56ca5d2,12,0.1549299459844205,0.002757009511950459,0.15367758922026875,0.15619250866610285,0.15349658759798712,0.15619250866610312,10,1.0175633941464335
pairwise-all,10,2.0,7,0.15619250866610282,0.15619250866610299,pairwise-all_n_qubits10_lam2.0_s7,pool-accuracy-pairwise-l12-s1-10-2026-07-29,b96c570a234debbb8b2136d0f75b2dbc06b008ef41568b9b555867186fef46c3,12,0.1549299459844205,0.002757009511950459,0.15367758922026875,0.15619250866610285,0.15349658759798712,0.15619250866610312,10,1.0175633941464335
pairwise-all,10,2.0,8,0.15432059391371553,0.15578343727599803,pairwise-all_n_qubits10_lam2.0_s8,pool-accuracy-pairwise-l12-s1-10-2026-07-29,9673f864d5609ac48773152e113cbecea0298359a05082fd5af724be3c764c56,12,0.1549299459844205,0.002757009511950459,0.15367758922026875,0.15619250866610285,0.15349658759798712,0.15619250866610312,10,1.0175633941464335
pairwise-all,10,2.0,9,0.15535080021137104,0.1563721248632005,pairwise-all_n_qubits10_lam2.0_s9,pool-accuracy-pairwise-l12-s1-10-2026-07-29,158a21e64bc44bf10ea90df560eb9c06dc31168dca3b160c177d5bcca7545223,12,0.1549299459844205,0.002757009511950459,0.15367758922026875,0.15619250866610285,0.15349658759798712,0.15619250866610312,10,1.0175633941464335
pairwise-all,10,2.0,10,0.15535080021136924,0.1570051414074666,pairwise-all_n_qubits10_lam2.0_s10,pool-accuracy-pairwise-l12-s1-10-2026-07-29,fbab4f6785b52fa96bdd7688e82d8107e3d53b65428f9e07fc92fb99ca60a59c,12,0.1549299459844205,0.002757009511950459,0.15367758922026875,0.15619250866610285,0.15349658759798712,0.15619250866610312,10,1.0175633941464335
pairwise-all,12,1.0,1,0.017188281459946372,0.017977032635701978,pairwise-all_n_qubits12_lam1.0_s1,pool-accuracy-pairwise-l12-s1-10-2026-07-29,65505430e412e02e21cd4f4ea010741f74cfa621fd98575ad9fa86d1f58843fa,12,0.01711721769348234,0.0036060509229220994,0.01690402639332878,0.017188281459946414,0.016904026390437695,0.017188281459946806,10,1.0168158202633846
pairwise-all,12,1.0,2,0.01718828145994579,0.01718828145994608,pairwise-all_n_qubits12_lam1.0_s2,pool-accuracy-pairwise-l12-s1-10-2026-07-29,3faef216d38270af9e9ce0e8182e81f688b20f53d63e14db915b7d006836ab65,12,0.01711721769348234,0.0036060509229220994,0.01690402639332878,0.017188281459946414,0.016904026390437695,0.017188281459946806,10,1.0168158202633846
pairwise-all,12,1.0,3,0.01690402639365001,0.02074540598099793,pairwise-all_n_qubits12_lam1.0_s3,pool-accuracy-pairwise-l12-s1-10-2026-07-29,bc08ab0072bbc3d4d06dc739e97e414e05a744f05002bad8558321bba26c0117,12,0.01711721769348234,0.0036060509229220994,0.01690402639332878,0.017188281459946414,0.016904026390437695,0.017188281459946806,10,1.0168158202633846
pairwise-all,12,1.0,4,0.017188281459946806,0.01876578381145904,pairwise-all_n_qubits12_lam1.0_s4,pool-accuracy-pairwise-l12-s1-10-2026-07-29,43945babbfd5e684dae586519d03cfef73ad3d3bbcedc4d8e650c4e5158041c1,12,0.01711721769348234,0.0036060509229220994,0.01690402639332878,0.017188281459946414,0.016904026390437695,0.017188281459946806,10,1.0168158202633846
pairwise-all,12,1.0,5,0.017046153927018894,0.018509778177882366,pairwise-all_n_qubits12_lam1.0_s5,pool-accuracy-pairwise-l12-s1-10-2026-07-29,b3c06853320b6c617888104a9c1ceca8fb15d52428f1d3a2ea276583f63ad5d4,12,0.01711721769348234,0.0036060509229220994,0.01690402639332878,0.017188281459946414,0.016904026390437695,0.017188281459946806,10,1.0168158202633846
pairwise-all,12,1.0,6,0.01704615392584395,0.01791146162324368,pairwise-all_n_qubits12_lam1.0_s6,pool-accuracy-pairwise-l12-s1-10-2026-07-29,c1141f17fc13a0575c33ded75d608bd2b2b90c111549316767dfe721fab41186,12,0.01711721769348234,0.0036060509229220994,0.01690402639332878,0.017188281459946414,0.016904026390437695,0.017188281459946806,10,1.0168158202633846
pairwise-all,12,1.0,7,0.017046153925104304,0.01955263596096517,pairwise-all_n_qubits12_lam1.0_s7,pool-accuracy-pairwise-l12-s1-10-2026-07-29,0f640c7ffb8d58a075dd397c965afe373356e61e9ccc5e81c1900f9f0e0263a9,12,0.01711721769348234,0.0036060509229220994,0.01690402639332878,0.017188281459946414,0.016904026390437695,0.017188281459946806,10,1.0168158202633846
pairwise-all,12,1.0,8,0.01718828145994608,0.01718828145994608,pairwise-all_n_qubits12_lam1.0_s8,pool-accuracy-pairwise-l12-s1-10-2026-07-29,e9da1844691f0a4fe4d6b2ee495b818b18e3483de3a247d8623310bca91e652d,12,0.01711721769348234,0.0036060509229220994,0.01690402639332878,0.017188281459946414,0.016904026390437695,0.017188281459946806,10,1.0168158202633846
pairwise-all,12,1.0,9,0.01718828145994608,0.01718828145994579,pairwise-all_n_qubits12_lam1.0_s9,pool-accuracy-pairwise-l12-s1-10-2026-07-29,b18d264b6086d2f29a984650e1fabf573dd994a431fc8ccc8676d02edb877d15,12,0.01711721769348234,0.0036060509229220994,0.01690402639332878,0.017188281459946414,0.016904026390437695,0.017188281459946806,10,1.0168158202633846
pairwise-all,12,1.0,10,0.016904026390437695,0.02074540598099866,pairwise-all_n_qubits12_lam1.0_s10,pool-accuracy-pairwise-l12-s1-10-2026-07-29,2a4af3d13830376d288ecb99b91884d4e8d1a789266e0f0a1a5f03309f3dbeeb,12,0.01711721769348234,0.0036060509229220994,0.01690402639332878,0.017188281459946414,0.016904026390437695,0.017188281459946806,10,1.0168158202633846
pairwise-all,12,1.5,1,0.06330227013723982,0.06464411343992241,pairwise-all_n_qubits12_lam1.5_s1,pool-accuracy-pairwise-l12-s1-10-2026-07-29,281c5a10a1321992c0429b730b1d6488f388058005e8a3eb5d1fbccdc2f58939,12,0.06360668957243767,0.003638611586877394,0.06323803224985514,0.06391110901343992,0.06265989130093264,0.06391110901343992,10,1.0199683990273483
pairwise-all,12,1.5,2,0.06391110901343854,0.06391110901343881,pairwise-all_n_qubits12_lam1.5_s2,pool-accuracy-pairwise-l12-s1-10-2026-07-29,8f6460000ef328379a595d85def0ffaa4021dea4759724d82c2ab5dd37b7792d,12,0.06360668957243767,0.003638611586877394,0.06323803224985514,0.06391110901343992,0.06265989130093264,0.06391110901343992,10,1.0199683990273483
pairwise-all,12,1.5,3,0.06360668957243047,0.06561812086860827,pairwise-all_n_qubits12_lam1.5_s3,pool-accuracy-pairwise-l12-s1-10-2026-07-29,f8b6025e0dbce1071ed7f527866df94cfcf32168639c32cde2b4a85d9a6ae8fd,12,0.06360668957243767,0.003638611586877394,0.06323803224985514,0.06391110901343992,0.06265989130093264,0.06391110901343992,10,1.0199683990273483
pairwise-all,12,1.5,4,0.06330227013306876,0.06560007608183259,pairwise-all_n_qubits12_lam1.5_s4,pool-accuracy-pairwise-l12-s1-10-2026-07-29,b9c94f9fe0655ba03b4ba8f2045f39256e12aa08e8d7c48580d151375fe1d215,12,0.06360668957243767,0.003638611586877394,0.06323803224985514,0.06391110901343992,0.06265989130093264,0.06391110901343992,10,1.0199683990273483
pairwise-all,12,1.5,5,0.06391110901343992,0.06541361696984553,pairwise-all_n_qubits12_lam1.5_s5,pool-accuracy-pairwise-l12-s1-10-2026-07-29,9f565107520573bd30d9c3313f6180904c15a8c6dbb6ec7dc63036ae384c4de4,12,0.06360668957243767,0.003638611586877394,0.06323803224985514,0.06391110901343992,0.06265989130093264,0.06391110901343992,10,1.0199683990273483
pairwise-all,12,1.5,6,0.06360668957246082,0.06371120735008838,pairwise-all_n_qubits12_lam1.5_s6,pool-accuracy-pairwise-l12-s1-10-2026-07-29,3e05fc867c0a984e8914856d9cb2cfcea14dcdd070e44d2f1e64c23ee0eec67f,12,0.06360668957243767,0.003638611586877394,0.06323803224985514,0.06391110901343992,0.06265989130093264,0.06391110901343992,10,1.0199683990273483
pairwise-all,12,1.5,7,0.06360668957244489,0.0645044967816664,pairwise-all_n_qubits12_lam1.5_s7,pool-accuracy-pairwise-l12-s1-10-2026-07-29,f63d90af2199edcd8f368cf02a8f6f31682be08f4e376c0ec66eef7b4ed19b89,12,0.06360668957243767,0.003638611586877394,0.06323803224985514,0.06391110901343992,0.06265989130093264,0.06391110901343992,10,1.0199683990273483
pairwise-all,12,1.5,8,0.06330284995630168,0.06593699073621084,pairwise-all_n_qubits12_lam1.5_s8,pool-accuracy-pairwise-l12-s1-10-2026-07-29,e711accf6f09457c4916522c17025040e9cf9c8e10a0c2786a3a177bcc691b19,12,0.06360668957243767,0.003638611586877394,0.06323803224985514,0.06391110901343992,0.06265989130093264,0.06391110901343992,10,1.0199683990273483
pairwise-all,12,1.5,9,0.06391110901343992,0.06466236299164245,pairwise-all_n_qubits12_lam1.5_s9,pool-accuracy-pairwise-l12-s1-10-2026-07-29,446eefd0cb233d26ac1161ee5c79955c95876cc3509fcaa4e4d26675206b1cff,12,0.06360668957243767,0.003638611586877394,0.06323803224985514,0.06391110901343992,0.06265989130093264,0.06391110901343992,10,1.0199683990273483
pairwise-all,12,1.5,10,0.06265989130093264,0.06792443309060679,pairwise-all_n_qubits12_lam1.5_s10,pool-accuracy-pairwise-l12-s1-10-2026-07-29,489b7443c420a578c97b3e8f64452053625a13a255a48c3ed98c0f8de0ab0ca6,12,0.06360668957243767,0.003638611586877394,0.06323803224985514,0.06391110901343992,0.06265989130093264,0.06391110901343992,10,1.0199683990273483
pairwise-all,12,2.0,1,0.1621163013323543,0.16278874117001976,pairwise-all_n_qubits12_lam2.0_s1,pool-accuracy-pairwise-l12-s1-10-2026-07-29,fa75d4e28b7c0dadf04b56e6a50709f5e870b01e5d93cef2859d23bdbc95289d,12,0.16139023011713677,0.0022769102215126624,0.16110045912779436,0.16211630133235438,0.16067073416750285,0.16211630133235502,10,1.0089970782317155
pairwise-all,12,2.0,2,0.16211630133235405,0.1621163013323543,pairwise-all_n_qubits12_lam2.0_s2,pool-accuracy-pairwise-l12-s1-10-2026-07-29,1b794daf413a70b70707156eced9c178ff0caeeae0b89b46c07c8c1074f41d0d,12,0.16139023011713677,0.0022769102215126624,0.16110045912779436,0.16211630133235438,0.16067073416750285,0.16211630133235502,10,1.0089970782317155
pairwise-all,12,2.0,3,0.16114820634747962,0.16437954744346356,pairwise-all_n_qubits12_lam2.0_s3,pool-accuracy-pairwise-l12-s1-10-2026-07-29,6d45c62a9c1ae505530284f2e5b27ddca48d7afb886b4a6859d5d3ec065058e0,12,0.16139023011713677,0.0022769102215126624,0.16110045912779436,0.16211630133235438,0.16067073416750285,0.16211630133235502,10,1.0089970782317155
pairwise-all,12,2.0,4,0.16067073416750285,0.1643544842040346,pairwise-all_n_qubits12_lam2.0_s4,pool-accuracy-pairwise-l12-s1-10-2026-07-29,e456eaea0aea68df8ca9c6440e8327f1191b20aca817dededacd361e2600bc87,12,0.16139023011713677,0.0022769102215126624,0.16110045912779436,0.16211630133235438,0.16067073416750285,0.16211630133235502,10,1.0089970782317155
pairwise-all,12,2.0,5,0.1611482063952911,0.16283050134533367,pairwise-all_n_qubits12_lam2.0_s5,pool-accuracy-pairwise-l12-s1-10-2026-07-29,078a85bace49dc68c73ad4ebb3d77d6eae8452af2fdacb20ed879e9e17ec70f1,12,0.16139023011713677,0.0022769102215126624,0.16110045912779436,0.16211630133235438,0.16067073416750285,0.16211630133235502,10,1.0089970782317155
pairwise-all,12,2.0,6,0.16163225383898244,0.1632126373135883,pairwise-all_n_qubits12_lam2.0_s6,pool-accuracy-pairwise-l12-s1-10-2026-07-29,55d11a179ac01469fc801e43187eefd73651d5781244d89b9314437221b5851f,12,0.16139023011713677,0.0022769102215126624,0.16110045912779436,0.16211630133235438,0.16067073416750285,0.16211630133235502,10,1.0089970782317155
pairwise-all,12,2.0,7,0.1616322538389827,0.1626546180463849,pairwise-all_n_qubits12_lam2.0_s7,pool-accuracy-pairwise-l12-s1-10-2026-07-29,3482030ed648f303a9b0f9707c7518f8493f056c4260685c781bbcc08fe16129,12,0.16139023011713677,0.0022769102215126624,0.16110045912779436,0.16211630133235438,0.16067073416750285,0.16211630133235502,10,1.0089970782317155
pairwise-all,12,2.0,8,0.16114820634564989,0.16212410162919727,pairwise-all_n_qubits12_lam2.0_s8,pool-accuracy-pairwise-l12-s1-10-2026-07-29,3f8eb9e4c6f6838a02e44c1ebd709e669a1cef984a1cae8fe94ae84e74d79941,12,0.16139023011713677,0.0022769102215126624,0.16110045912779436,0.16211630133235438,0.16067073416750285,0.16211630133235502,10,1.0089970782317155
pairwise-all,12,2.0,9,0.16211630133235502,0.164243805329021,pairwise-all_n_qubits12_lam2.0_s9,pool-accuracy-pairwise-l12-s1-10-2026-07-29,ceb464fd752da496047b1d2c94ada50a2fd95c3c8767755f0b2e29863e85b45d,12,0.16139023011713677,0.0022769102215126624,0.16110045912779436,0.16211630133235438,0.16067073416750285,0.16211630133235502,10,1.0089970782317155
pairwise-all,12,2.0,10,0.1611482063456045,0.16346118100768625,pairwise-all_n_qubits12_lam2.0_s10,pool-accuracy-pairwise-l12-s1-10-2026-07-29,f00b5ca4366c066ed99b2ed31b9182131270007242fc4e65b61384c736a962d7,12,0.16139023011713677,0.0022769102215126624,0.16110045912779436,0.16211630133235438,0.16067073416750285,0.16211630133235502,10,1.0089970782317155
pairwise-all,14,1.0,1,0.015551336414983085,0.016228534899604314,pairwise-all_n_qubits14_lam1.0_s1,pool-accuracy-pairwise-l12-s1-10-2026-07-29,02aaff3d24875e287b82509f658b37aa413073d88ec1fd33a14607ba1b241eef,12,0.015506505234954848,0.004399963931478901,0.01535414442373396,0.015551336414983097,0.015193340423123838,0.01555133641498321,10,1.0235626914088303
pairwise-all,14,1.0,2,0.015372011534912862,0.018306290044656733,pairwise-all_n_qubits14_lam1.0_s2,pool-accuracy-pairwise-l12-s1-10-2026-07-29,505f5e7d00eea7bd84a380ae8edd173098b02c6995704fd6fdc681738a5a1312,12,0.015506505234954848,0.004399963931478901,0.01535414442373396,0.015551336414983097,0.015193340423123838,0.01555133641498321,10,1.0235626914088303
pairwise-all,14,1.0,3,0.015372210974654422,0.018510143833266587,pairwise-all_n_qubits14_lam1.0_s3,pool-accuracy-pairwise-l12-s1-10-2026-07-29,6699dbcfcfe879129b94d435f071d555e23c3fc10a6bb8d25bc1a1f4ba442503,12,0.015506505234954848,0.004399963931478901,0.01535414442373396,0.015551336414983097,0.015193340423123838,0.01555133641498321,10,1.0235626914088303
pairwise-all,14,1.0,4,0.015551336414982585,0.01622853489960419,pairwise-all_n_qubits14_lam1.0_s4,pool-accuracy-pairwise-l12-s1-10-2026-07-29,2562aadfeb84e374c3f204262e74a1c8fbcf31683cffe57344dd197f17a79a35,12,0.015506505234954848,0.004399963931478901,0.01535414442373396,0.015551336414983097,0.015193340423123838,0.01555133641498321,10,1.0235626914088303
pairwise-all,14,1.0,5,0.015193340423123838,0.019135026460347544,pairwise-all_n_qubits14_lam1.0_s5,pool-accuracy-pairwise-l12-s1-10-2026-07-29,795a64c617d7c3bf55a0216d42906187f8a9f64f91bc1612d572bfbdaa807ac1,12,0.015506505234954848,0.004399963931478901,0.01535414442373396,0.015551336414983097,0.015193340423123838,0.01555133641498321,10,1.0235626914088303
pairwise-all,14,1.0,6,0.015551336414982835,0.018253608561868268,pairwise-all_n_qubits14_lam1.0_s6,pool-accuracy-pairwise-l12-s1-10-2026-07-29,2cd0febedf708bda851fee9bfd387e57200d0b1d4e602a4e5e38904a9dcafb5d,12,0.015506505234954848,0.004399963931478901,0.01535414442373396,0.015551336414983097,0.015193340423123838,0.01555133641498321,10,1.0235626914088303
pairwise-all,14,1.0,7,0.01555133641498271,0.01622853489960444,pairwise-all_n_qubits14_lam1.0_s7,pool-accuracy-pairwise-l12-s1-10-2026-07-29,76b26e2cf6e4777c3fd36e43706c3376002f03b42c2fa04b036984a3a9d0d019,12,0.015506505234954848,0.004399963931478901,0.01535414442373396,0.015551336414983097,0.015193340423123838,0.01555133641498321,10,1.0235626914088303
pairwise-all,14,1.0,8,0.015461673974655685,0.01749615136757359,pairwise-all_n_qubits14_lam1.0_s8,pool-accuracy-pairwise-l12-s1-10-2026-07-29,4f00090046f8f092cbda68cb3308922a65703b818af607f035e80d6d9bc9da6e,12,0.015506505234954848,0.004399963931478901,0.01535414442373396,0.015551336414983097,0.015193340423123838,0.01555133641498321,10,1.0235626914088303
pairwise-all,14,1.0,9,0.015461674054927111,0.016809688385373493,pairwise-all_n_qubits14_lam1.0_s9,pool-accuracy-pairwise-l12-s1-10-2026-07-29,acdd27efe92def446e14006c443d7e708fcf2aff5eb9a596d0a38d14200cab64,12,0.015506505234954848,0.004399963931478901,0.01535414442373396,0.015551336414983097,0.015193340423123838,0.01555133641498321,10,1.0235626914088303
pairwise-all,14,1.0,10,0.01555133641498321,0.01622853489960519,pairwise-all_n_qubits14_lam1.0_s10,pool-accuracy-pairwise-l12-s1-10-2026-07-29,ecefe125eb2d3572d6b1cf917c369bd56e649518f81ce83a124d4842e642a7d1,12,0.015506505234954848,0.004399963931478901,0.01535414442373396,0.015551336414983097,0.015193340423123838,0.01555133641498321,10,1.0235626914088303
pairwise-all,14,1.5,1,0.06350155361716187,0.06478843001043327,pairwise-all_n_qubits14_lam1.5_s1,pool-accuracy-pairwise-l12-s1-10-2026-07-29,a7380a3cf30082e16891e207ec512f2fdadc47372da33d51a2b888f0e413505a,12,0.06330971580159238,0.0009858626351832989,0.06307961951941214,0.06350155361716123,0.06273529331285076,0.06350155361716187,10,1.012214182222595
pairwise-all,14,1.5,2,0.06350155361716116,0.06414576733007453,pairwise-all_n_qubits14_lam1.5_s2,pool-accuracy-pairwise-l12-s1-10-2026-07-29,b8f7aa54d2eb76a2a0256879d6c19ad2afefdb058f09ee471eca6abcebd5ed0c,12,0.06330971580159238,0.0009858626351832989,0.06307961951941214,0.06350155361716123,0.06273529331285076,0.06350155361716187,10,1.012214182222595
pairwise-all,14,1.5,3,0.06311787798680786,0.06545524042046506,pairwise-all_n_qubits14_lam1.5_s3,pool-accuracy-pairwise-l12-s1-10-2026-07-29,164c69c9d43f90d8f604780161174ead3ae301e716cff5d78acf051c954bcd66,12,0.06330971580159238,0.0009858626351832989,0.06307961951941214,0.06350155361716123,0.06273529331285076,0.06350155361716187,10,1.012214182222595
pairwise-all,14,1.5,4,0.0633097158017784,0.064858837758741,pairwise-all_n_qubits14_lam1.5_s4,pool-accuracy-pairwise-l12-s1-10-2026-07-29,42caac8cd89a2b3fe28231c3ab89979a68c93cd8f2c969f33bb431d3f293c0fc,12,0.06330971580159238,0.0009858626351832989,0.06307961951941214,0.06350155361716123,0.06273529331285076,0.06350155361716187,10,1.012214182222595
pairwise-all,14,1.5,5,0.06330971580157842,0.06478998104298897,pairwise-all_n_qubits14_lam1.5_s5,pool-accuracy-pairwise-l12-s1-10-2026-07-29,94a8f36aceef1f8541b3e8cd65b2875d7f0cd3b731c2a6b8790e3a39e2a4587a,12,0.06330971580159238,0.0009858626351832989,0.06307961951941214,0.06350155361716123,0.06273529331285076,0.06350155361716187,10,1.012214182222595
pairwise-all,14,1.5,6,0.06350155361716116,0.06414576733007511,pairwise-all_n_qubits14_lam1.5_s6,pool-accuracy-pairwise-l12-s1-10-2026-07-29,9cea32b3f69629a9f8035e8950a51e29bd17b476f2cf947b98bab4172b1acc36,12,0.06330971580159238,0.0009858626351832989,0.06307961951941214,0.06350155361716123,0.06273529331285076,0.06350155361716187,10,1.012214182222595
pairwise-all,14,1.5,7,0.06273529331285076,0.06544476850366933,pairwise-all_n_qubits14_lam1.5_s7,pool-accuracy-pairwise-l12-s1-10-2026-07-29,9461799e5ef085f73d19d5e037957cca757b35de31696bd1430a600e5b8c2ac9,12,0.06330971580159238,0.0009858626351832989,0.06307961951941214,0.06350155361716123,0.06273529331285076,0.06350155361716187,10,1.012214182222595
pairwise-all,14,1.5,8,0.06330971580160634,0.06394184330778745,pairwise-all_n_qubits14_lam1.5_s8,pool-accuracy-pairwise-l12-s1-10-2026-07-29,728d42a0711fa0dfeeb35c3657fab1338cdba020e65c1acf58c887a65f4e06f8,12,0.06330971580159238,0.0009858626351832989,0.06307961951941214,0.06350155361716123,0.06273529331285076,0.06350155361716187,10,1.012214182222595
pairwise-all,14,1.5,9,0.06330971580157128,0.06459142650658448,pairwise-all_n_qubits14_lam1.5_s9,pool-accuracy-pairwise-l12-s1-10-2026-07-29,7425b347c37eeabc24bc85f9867602c2714807bacc63a50da4d99bb183e33ed2,12,0.06330971580159238,0.0009858626351832989,0.06307961951941214,0.06350155361716123,0.06273529331285076,0.06350155361716187,10,1.012214182222595
pairwise-all,14,1.5,10,0.06330971580157224,0.0640087170263829,pairwise-all_n_qubits14_lam1.5_s10,pool-accuracy-pairwise-l12-s1-10-2026-07-29,6107d29e770ceca987e7848fac70edbcc25150ff815d226a265ef8848cdeda87,12,0.06330971580159238,0.0009858626351832989,0.06307961951941214,0.06350155361716123,0.06273529331285076,0.06350155361716187,10,1.012214182222595
pairwise-all,14,2.0,1,0.16696598421882322,0.16753902514415728,pairwise-all_n_qubits14_lam2.0_s1,pool-accuracy-pairwise-l12-s1-10-2026-07-29,563f88a757e3e9b8d7b511abd2f0dd24b2900feb385914aaba8b1a17053ba04a,12,0.16633744545411033,0.001971924667021563,0.1659841148311539,0.16696598421882325,0.16575623783631227,0.16696598421882355,10,1.0072983460429763
pairwise-all,14,2.0,2,0.16696598421882292,0.1692526292227947,pairwise-all_n_qubits14_lam2.0_s2,pool-accuracy-pairwise-l12-s1-10-2026-07-29,99910a748a0452c52d6bafe027ec9f709667d023e0559604a2ef0632c8997143,12,0.16633744545411033,0.001971924667021563,0.1659841148311539,0.16696598421882325,0.16575623783631227,0.16696598421882355,10,1.0072983460429763
pairwise-all,14,2.0,3,0.16600943449724742,0.16756553542814093,pairwise-all_n_qubits14_lam2.0_s3,pool-accuracy-pairwise-l12-s1-10-2026-07-29,49222d68b95aad3d547a7f04453f3e24cc1fbeda3b0564b860d6fa2c65dd241b,12,0.16633744545411033,0.001971924667021563,0.1659841148311539,0.16696598421882325,0.16575623783631227,0.16696598421882355,10,1.0072983460429763
pairwise-all,14,2.0,4,0.16636263263721898,0.1673865183167897,pairwise-all_n_qubits14_lam2.0_s4,pool-accuracy-pairwise-l12-s1-10-2026-07-29,d9e5dd3b6dafee45e1b0db784394e42a4b3a7b947cd072c070535c014be0f9b1,12,0.16633744545411033,0.001971924667021563,0.1659841148311539,0.16696598421882325,0.16575623783631227,0.16696598421882355,10,1.0072983460429763
pairwise-all,14,2.0,5,0.16696598421882355,0.16811206606949283,pairwise-all_n_qubits14_lam2.0_s5,pool-accuracy-pairwise-l12-s1-10-2026-07-29,c546b71deb73e1b9806ee9dadc76145ca317c69a78233a0dbd870bd7267ef00b,12,0.16633744545411033,0.001971924667021563,0.1659841148311539,0.16696598421882325,0.16575623783631227,0.16696598421882355,10,1.0072983460429763
pairwise-all,14,2.0,6,0.16636225882018799,0.1674021473733249,pairwise-all_n_qubits14_lam2.0_s6,pool-accuracy-pairwise-l12-s1-10-2026-07-29,255eabfd6922463c1e6f918697c442cf2ada431693f3871ca0478e128a873f79,12,0.16633744545411033,0.001971924667021563,0.1659841148311539,0.16696598421882325,0.16575623783631227,0.16696598421882355,10,1.0072983460429763
pairwise-all,14,2.0,7,0.16575623783631227,0.16875066678706854,pairwise-all_n_qubits14_lam2.0_s7,pool-accuracy-pairwise-l12-s1-10-2026-07-29,f1afe45916db73b6dc3b92c2c09a35a5ecd18e7a447b3795be16ebfd6ce44d7d,12,0.16633744545411033,0.001971924667021563,0.1659841148311539,0.16696598421882325,0.16575623783631227,0.16696598421882355,10,1.0072983460429763
pairwise-all,14,2.0,8,0.16605943505190549,0.1675448170288441,pairwise-all_n_qubits14_lam2.0_s8,pool-accuracy-pairwise-l12-s1-10-2026-07-29,ab6273403b4b218e44b6115ca6552d492c504dc492891c5111360cd83ea9ce37,12,0.16633744545411033,0.001971924667021563,0.1659841148311539,0.16696598421882325,0.16575623783631227,0.16696598421882355,10,1.0072983460429763
pairwise-all,14,2.0,9,0.16605943505181922,0.16835421897871136,pairwise-all_n_qubits14_lam2.0_s9,pool-accuracy-pairwise-l12-s1-10-2026-07-29,24743c44fb557ddf1bd8a04744feef119b1a78a06185cc8680662bd61afb8a49,12,0.16633744545411033,0.001971924667021563,0.1659841148311539,0.16696598421882325,0.16575623783631227,0.16696598421882355,10,1.0072983460429763
pairwise-all,14,2.0,10,0.16631263208803268,0.16785054760595325,pairwise-all_n_qubits14_lam2.0_s10,pool-accuracy-pairwise-l12-s1-10-2026-07-29,fa6be5a3eef43e19aba69898e2f21595463338367709ceb72ad6af1ddbe56766,12,0.16633744545411033,0.001971924667021563,0.1659841148311539,0.16696598421882325,0.16575623783631227,0.16696598421882355,10,1.0072983460429763
pairwise-all,16,1.0,1,0.014093859973866613,0.015617415181238097,pairwise-all_n_qubits16_lam1.0_s1,pool-accuracy-pairwise-l12-s1-10-2026-07-29,72d598c6f198bf85d95d89d75d0cae96e79f156dac9ac469de4f8de35efae169,12,0.01412388517087941,0.0018488580097053564,0.014093757448828783,0.014153910365800446,0.014093757448656801,0.01415391036863665,10,1.0042680541508526
pairwise-all,16,1.0,2,0.014093757448656801,0.015543052531711031,pairwise-all_n_qubits16_lam1.0_s2,pool-accuracy-pairwise-l12-s1-10-2026-07-29,b3e6347670bc9f13684033c36657d49adcabe3925b564dd3634284fb2195051a,12,0.01412388517087941,0.0018488580097053564,0.014093757448828783,0.014153910365800446,0.014093757448656801,0.01415391036863665,10,1.0042680541508526
pairwise-all,16,1.0,3,0.01415391036863665,0.015994124054632165,pairwise-all_n_qubits16_lam1.0_s3,pool-accuracy-pairwise-l12-s1-10-2026-07-29,f1da7137b3495e659bfc48d58c4344eae7f6b7e12edd82af38451c1c7fb1bc44,12,0.01412388517087941,0.0018488580097053564,0.014093757448828783,0.014153910365800446,0.014093757448656801,0.01415391036863665,10,1.0042680541508526
pairwise-all,16,1.0,4,0.014093757450079139,0.016480034002665147,pairwise-all_n_qubits16_lam1.0_s4,pool-accuracy-pairwise-l12-s1-10-2026-07-29,feed54804d51813c5e790d163f0f6cc4cdd6495581e0d6e00b1f9e59a764d438,12,0.01412388517087941,0.0018488580097053564,0.014093757448828783,0.014153910365800446,0.014093757448656801,0.01415391036863665,10,1.0042680541508526
pairwise-all,16,1.0,5,0.014153910365143409,0.01566765885422612,pairwise-all_n_qubits16_lam1.0_s5,pool-accuracy-pairwise-l12-s1-10-2026-07-29,9fed4218029fca9b658962218ecb6a7aeb769fbf592a403e2503e331929d3011,12,0.01412388517087941,0.0018488580097053564,0.014093757448828783,0.014153910365800446,0.014093757448656801,0.01415391036863665,10,1.0042680541508526
pairwise-all,16,1.0,6,0.014093757448847891,0.015887708586470446,pairwise-all_n_qubits16_lam1.0_s6,pool-accuracy-pairwise-l12-s1-10-2026-07-29,0bca2b72a04a68a12562e9961f68c6c58679062c26db7efadc6ac3792d40303a,12,0.01412388517087941,0.0018488580097053564,0.014093757448828783,0.014153910365800446,0.014093757448656801,0.01415391036863665,10,1.0042680541508526
pairwise-all,16,1.0,7,0.014153910365141876,0.01701723107134318,pairwise-all_n_qubits16_lam1.0_s7,pool-accuracy-pairwise-l12-s1-10-2026-07-29,25e6c114165b4aea61273dc80b8e40e402268e537a60600d361b130ac43c0fc3,12,0.01412388517087941,0.0018488580097053564,0.014093757448828783,0.014153910365800446,0.014093757448656801,0.01415391036863665,10,1.0042680541508526
pairwise-all,16,1.0,8,0.014153910365485313,0.014540528482037046,pairwise-all_n_qubits16_lam1.0_s8,pool-accuracy-pairwise-l12-s1-10-2026-07-29,a15029c0311d9990ea068928f2667e61c507716229e8a6aba4ee7699a08c9e0d,12,0.01412388517087941,0.0018488580097053564,0.014093757448828783,0.014153910365800446,0.014093757448656801,0.01415391036863665,10,1.0042680541508526
pairwise-all,16,1.0,9,0.014093859976616946,0.01596240838502494,pairwise-all_n_qubits16_lam1.0_s9,pool-accuracy-pairwise-l12-s1-10-2026-07-29,1f0328579004a73327646d68e00979a78efdc21988b04fbe20ec3ed9f2379cf1,12,0.01412388517087941,0.0018488580097053564,0.014093757448828783,0.014153910365800446,0.014093757448656801,0.01415391036863665,10,1.0042680541508526
pairwise-all,16,1.0,10,0.01415391036514319,0.016643910417101213,pairwise-all_n_qubits16_lam1.0_s10,pool-accuracy-pairwise-l12-s1-10-2026-07-29,956efac56db1d17d0d7a9f24e8bb53bb251e5b04771dc9e07f82313c63d5f178,12,0.01412388517087941,0.0018488580097053564,0.014093757448828783,0.014153910365800446,0.014093757448656801,0.01415391036863665,10,1.0042680541508526
pairwise-all,16,1.5,1,0.06299258634207146,0.06586610484286427,pairwise-all_n_qubits16_lam1.5_s1,pool-accuracy-pairwise-l12-s1-10-2026-07-29,e192daba964ac6e5c03bec01c1f11a78680a2f34fd6fc9a18098706d13ca2bd8,12,0.06326811005490683,0.0008814120513169765,0.06324055767571482,0.0634094981922493,0.06299258634207146,0.06352517940268669,10,1.0084548530476756
pairwise-all,16,1.5,2,0.06326811004749348,0.06634633050495278,pairwise-all_n_qubits16_lam1.5_s2,pool-accuracy-pairwise-l12-s1-10-2026-07-29,b4272f7243a722a988df65ffe49cb49b8db71223368e97b2840733c38ae6b3ec,12,0.06326811005490683,0.0008814120513169765,0.06324055767571482,0.0634094981922493,0.06299258634207146,0.06352517940268669,10,1.0084548530476756
pairwise-all,16,1.5,3,0.0632681100461814,0.06689335042108585,pairwise-all_n_qubits16_lam1.5_s3,pool-accuracy-pairwise-l12-s1-10-2026-07-29,e490fb3723095bc4885f95a0d445484e544875aa6c62ec23170acf16cb373e6b,12,0.06326811005490683,0.0008814120513169765,0.06324055767571482,0.0634094981922493,0.06299258634207146,0.06352517940268669,10,1.0084548530476756
pairwise-all,16,1.5,4,0.06352517940268669,0.06465252495913106,pairwise-all_n_qubits16_lam1.5_s4,pool-accuracy-pairwise-l12-s1-10-2026-07-29,6509a7b60b96088f2c9ce44b22936e382160b914bf14754790bfe5fd06d456dc,12,0.06326811005490683,0.0008814120513169765,0.06324055767571482,0.0634094981922493,0.06299258634207146,0.06352517940268669,10,1.0084548530476756
pairwise-all,16,1.5,5,0.06339664472442291,0.06536478277053007,pairwise-all_n_qubits16_lam1.5_s5,pool-accuracy-pairwise-l12-s1-10-2026-07-29,aca287ff6a544d2c81061eb815194c8c402d3e38bdd159b9315c55c6304d8f53,12,0.06326811005490683,0.0008814120513169765,0.06324055767571482,0.0634094981922493,0.06299258634207146,0.06352517940268669,10,1.0084548530476756
pairwise-all,16,1.5,6,0.06326811004611985,0.06625514684177466,pairwise-all_n_qubits16_lam1.5_s6,pool-accuracy-pairwise-l12-s1-10-2026-07-29,ba62ecbae2fabadf0ca0a8547733e58bb797ae00dea7529aaf8b6b511bce1851,12,0.06326811005490683,0.0008814120513169765,0.06324055767571482,0.0634094981922493,0.06299258634207146,0.06352517940268669,10,1.0084548530476756
pairwise-all,16,1.5,7,0.063396644724404,0.06503147493556001,pairwise-all_n_qubits16_lam1.5_s7,pool-accuracy-pairwise-l12-s1-10-2026-07-29,36b3d50e97b509ab0fe3b6ad5bf63ed88e85a0aa0c50c779fe4fcc3e44e9dae0,12,0.06326811005490683,0.0008814120513169765,0.06324055767571482,0.0634094981922493,0.06299258634207146,0.06352517940268669,10,1.0084548530476756
pairwise-all,16,1.5,8,0.06326811006232018,0.06838155673567395,pairwise-all_n_qubits16_lam1.5_s8,pool-accuracy-pairwise-l12-s1-10-2026-07-29,bfda4c12f3f591086ed3226da9a65be61b675f590c0e9b9356fe7e97c06bbca5,12,0.06326811005490683,0.0008814120513169765,0.06324055767571482,0.0634094981922493,0.06299258634207146,0.06352517940268669,10,1.0084548530476756
pairwise-all,16,1.5,9,0.06326811004611964,0.06485187113405827,pairwise-all_n_qubits16_lam1.5_s9,pool-accuracy-pairwise-l12-s1-10-2026-07-29,010b4a5f361dc553b66c2e6f4e1232ec214ad50290eb2cc4a8c08b22f4f4390b,12,0.06326811005490683,0.0008814120513169765,0.06324055767571482,0.0634094981922493,0.06299258634207146,0.06352517940268669,10,1.0084548530476756
pairwise-all,16,1.5,10,0.06339664472440254,0.0641937786725426,pairwise-all_n_qubits16_lam1.5_s10,pool-accuracy-pairwise-l12-s1-10-2026-07-29,43946ed7f83fb11889bd6096e5c5d219511662c358ca187173346135ac3e13de,12,0.06326811005490683,0.0008814120513169765,0.06324055767571482,0.0634094981922493,0.06299258634207146,0.06352517940268669,10,1.0084548530476756
pairwise-all,16,2.0,1,0.17086692906902082,0.17136599186422727,pairwise-all_n_qubits16_lam2.0_s1,pool-accuracy-pairwise-l12-s1-10-2026-07-29,1a2ffc64e11b146475cb02ed5afb39037c46f720e89727ce213e916b52bf1b1f,12,0.1705635874168788,0.000952548686915855,0.17018533687989423,0.17086692906902126,0.1697413013016867,0.170866929069022,10,1.006631431235081
pairwise-all,16,2.0,2,0.17043534479571817,0.171851072775746,pairwise-all_n_qubits16_lam2.0_s2,pool-accuracy-pairwise-l12-s1-10-2026-07-29,fc942edb3693d7a7425ec7ffac643d0cbe7b678a650588a031c087db3ab3fea5,12,0.1705635874168788,0.000952548686915855,0.17018533687989423,0.17086692906902126,0.1697413013016867,0.170866929069022,10,1.006631431235081
pairwise-all,16,2.0,3,0.1704624735282216,0.172692526183927,pairwise-all_n_qubits16_lam2.0_s3,pool-accuracy-pairwise-l12-s1-10-2026-07-29,98f87c73579ae78435e9fd5d5726fb3e98bc418adfb968784cab1a01940c4832,12,0.1705635874168788,0.000952548686915855,0.17018533687989423,0.17086692906902126,0.1697413013016867,0.170866929069022,10,1.006631431235081
pairwise-all,16,2.0,4,0.17046247353530705,0.17186526712641867,pairwise-all_n_qubits16_lam2.0_s4,pool-accuracy-pairwise-l12-s1-10-2026-07-29,bf845f37d77019eb3e12979b83f55da2d36f382038e3cbc715d53d46152ef9e6,12,0.1705635874168788,0.000952548686915855,0.17018533687989423,0.17086692906902126,0.1697413013016867,0.170866929069022,10,1.006631431235081
pairwise-all,16,2.0,5,0.1697413013016867,0.1724772711139967,pairwise-all_n_qubits16_lam2.0_s5,pool-accuracy-pairwise-l12-s1-10-2026-07-29,cf214dffe4b48fc454d994b4c3ae56dd164d284e0471e5101952d5e9d50ef311,12,0.1705635874168788,0.000952548686915855,0.17018533687989423,0.17086692906902126,0.1697413013016867,0.170866929069022,10,1.006631431235081
pairwise-all,16,2.0,6,0.17086692906902118,0.17230068323859193,pairwise-all_n_qubits16_lam2.0_s6,pool-accuracy-pairwise-l12-s1-10-2026-07-29,0b2a62548362f584f6a681eeb5abd1ba412ef0ba4c9b67e35ca099d49810d028,12,0.1705635874168788,0.000952548686915855,0.17018533687989423,0.17086692906902126,0.1697413013016867,0.170866929069022,10,1.006631431235081
pairwise-all,16,2.0,7,0.170866929069022,0.17186505465943466,pairwise-all_n_qubits16_lam2.0_s7,pool-accuracy-pairwise-l12-s1-10-2026-07-29,b65f1ad59d88b0cbf66f636543d6d4fcb36cee1f061cb67449b3737192230e2d,12,0.1705635874168788,0.000952548686915855,0.17018533687989423,0.17086692906902126,0.1697413013016867,0.170866929069022,10,1.006631431235081
pairwise-all,16,2.0,8,0.17023467416636176,0.17229673877140428,pairwise-all_n_qubits16_lam2.0_s8,pool-accuracy-pairwise-l12-s1-10-2026-07-29,05aa7fa0182b08496910aea19670dd63df239d08383c96e9a843379624667a6a,12,0.1705635874168788,0.000952548686915855,0.17018533687989423,0.17086692906902126,0.1697413013016867,0.170866929069022,10,1.006631431235081
pairwise-all,16,2.0,9,0.17066470129845054,0.1707310758285611,pairwise-all_n_qubits16_lam2.0_s9,pool-accuracy-pairwise-l12-s1-10-2026-07-29,7ba043feb13d4b8bae38da455024bac0e1f155d61e9a7eb4ed14170ad34c8fca,12,0.1705635874168788,0.000952548686915855,0.17018533687989423,0.17086692906902126,0.1697413013016867,0.170866929069022,10,1.006631431235081
pairwise-all,16,2.0,10,0.17066470129845074,0.17174118868558275,pairwise-all_n_qubits16_lam2.0_s10,pool-accuracy-pairwise-l12-s1-10-2026-07-29,41171a7d5d6d21ca53402085df08f93b464d8c1c310e8d5266b89b5e0aa937fc,12,0.1705635874168788,0.000952548686915855,0.17018533687989423,0.17086692906902126,0.1697413013016867,0.170866929069022,10,1.006631431235081
pairwise-ext-mf,8,0.5,1,0.004210238895691908,0.011545937746517309,pairwise-ext-mf_n_qubits8_lam0.5_s1,pool-accuracy-l12-s1-10-2026-07-28,c2a0548dee1a073bce356aabeb6e743881146a48c919403691c42ff45f613862,12,0.003967185487081427,0.013103854474212362,0.003934496528827141,0.00410086486125512,0.0037083771149249794,0.004210238895691908,10,1.1353319161492779
pairwise-ext-mf,8,0.5,2,0.0040887121907621435,0.010733940062918555,pairwise-ext-mf_n_qubits8_lam0.5_s2,pool-accuracy-l12-s1-10-2026-07-28,9afb71a291d3043d8278ae7cc4af9a77de38200cde577f01903977509008a274,12,0.003967185487081427,0.013103854474212362,0.003934496528827141,0.00410086486125512,0.0037083771149249794,0.004210238895691908,10,1.1353319161492779
pairwise-ext-mf,8,0.5,3,0.003967185487531054,0.011028070585295495,pairwise-ext-mf_n_qubits8_lam0.5_s3,pool-accuracy-l12-s1-10-2026-07-28,ab087b8d91b54ee76e08595603fa1e8bc64fd65beac3916ee6815d1838e218b6,12,0.003967185487081427,0.013103854474212362,0.003934496528827141,0.00410086486125512,0.0037083771149249794,0.004210238895691908,10,1.1353319161492779
pairwise-ext-mf,8,0.5,4,0.003967185486326891,0.011048242031046956,pairwise-ext-mf_n_qubits8_lam0.5_s4,pool-accuracy-l12-s1-10-2026-07-28,d5c2e0b4b0ac0140400452e97fdfd9c832b6b28d28c86690271a77284b45e84e,12,0.003967185487081427,0.013103854474212362,0.003934496528827141,0.00410086486125512,0.0037083771149249794,0.004210238895691908,10,1.1353319161492779
pairwise-ext-mf,8,0.5,5,0.00408870540261937,0.01246514941885494,pairwise-ext-mf_n_qubits8_lam0.5_s5,pool-accuracy-l12-s1-10-2026-07-28,54440f0295fe8c8136edc88999f0dc517081839d663fb3c38b37d71dd84d032e,12,0.003967185487081427,0.013103854474212362,0.003934496528827141,0.00410086486125512,0.0037083771149249794,0.004210238895691908,10,1.1353319161492779
pairwise-ext-mf,8,0.5,6,0.00408871219067193,0.004809613880178601,pairwise-ext-mf_n_qubits8_lam0.5_s6,pool-accuracy-l12-s1-10-2026-07-28,1d4591d9db55b7e3ef6acda99d2b52ff290233d039e0516871e0ccee3d963dfc,12,0.003967185487081427,0.013103854474212362,0.003934496528827141,0.00410086486125512,0.0037083771149249794,0.004210238895691908,10,1.1353319161492779
pairwise-ext-mf,8,0.5,7,0.0037083771149249794,0.0075068460512417645,pairwise-ext-mf_n_qubits8_lam0.5_s7,pool-accuracy-l12-s1-10-2026-07-28,5e5c6638c52fae0ee09a1adfa3a034edbe6a6850bc1d653152d7d7e73e6723da,12,0.003967185487081427,0.013103854474212362,0.003934496528827141,0.00410086486125512,0.0037083771149249794,0.004210238895691908,10,1.1353319161492779
pairwise-ext-mf,8,0.5,8,0.003967185486631801,0.008537337832182005,pairwise-ext-mf_n_qubits8_lam0.5_s8,pool-accuracy-l12-s1-10-2026-07-28,1469db08c0cba7e8746189d5cea86fa018d56a4f716d75d47fec5fa4e6070fb6,12,0.003967185487081427,0.013103854474212362,0.003934496528827141,0.00410086486125512,0.0037083771149249794,0.004210238895691908,10,1.1353319161492779
pairwise-ext-mf,8,0.5,9,0.003959620908149604,0.009810131154903576,pairwise-ext-mf_n_qubits8_lam0.5_s9,pool-accuracy-l12-s1-10-2026-07-28,b67fb5887422ae7702a448442527a219f7a2f0ae3de2cd9bf1296087e2ff1c5d,12,0.003967185487081427,0.013103854474212362,0.003934496528827141,0.00410086486125512,0.0037083771149249794,0.004210238895691908,10,1.1353319161492779
pairwise-ext-mf,8,0.5,10,0.003967185485675059,0.009735832628278032,pairwise-ext-mf_n_qubits8_lam0.5_s10,pool-accuracy-l12-s1-10-2026-07-28,3693f530c16a395c9784750e2b46bae7f69e2c09ae32b00de8cf9496b0fd1137,12,0.003967185487081427,0.013103854474212362,0.003934496528827141,0.00410086486125512,0.0037083771149249794,0.004210238895691908,10,1.1353319161492779
pairwise-ext-mf,8,1.0,1,0.020915867023993985,0.03365258646984012,pairwise-ext-mf_n_qubits8_lam1.0_s1,pool-accuracy-pairwise-l12-s1-10-2026-07-29,ad827d8f5e8520ead48eb96eee8146f137763fe64581926d242a3460a1a6d602,12,0.020627739427352954,0.026699412715139648,0.01984365781825022,0.02138937582876867,0.01964165100830179,0.021389375830643816,10,1.0889805455561414
pairwise-ext-mf,8,1.0,2,0.020343241762815257,0.02908300217553185,pairwise-ext-mf_n_qubits8_lam1.0_s2,pool-accuracy-pairwise-l12-s1-10-2026-07-29,5dd72fd063ed8c66db8f1a8bc09e9aa495914c5110678cb5405e423d5597f5fe,12,0.020627739427352954,0.026699412715139648,0.01984365781825022,0.02138937582876867,0.01964165100830179,0.021389375830643816,10,1.0889805455561414
pairwise-ext-mf,8,1.0,3,0.02138937582856032,0.02847623353259199,pairwise-ext-mf_n_qubits8_lam1.0_s3,pool-accuracy-pairwise-l12-s1-10-2026-07-29,0f5f67d6d85d4869fb4c267f2e016e3a504fa542d3f00c680f04cc1e1ddd3af3,12,0.020627739427352954,0.026699412715139648,0.01984365781825022,0.02138937582876867,0.01964165100830179,0.021389375830643816,10,1.0889805455561414
pairwise-ext-mf,8,1.0,4,0.019866103019355603,0.029041767984998388,pairwise-ext-mf_n_qubits8_lam1.0_s4,pool-accuracy-pairwise-l12-s1-10-2026-07-29,6dd238c30c6da0c9399b8e20d1545994bec4c61e79b73f181ec0d8d72e5f6ef5,12,0.020627739427352954,0.026699412715139648,0.01984365781825022,0.02138937582876867,0.01964165100830179,0.021389375830643816,10,1.0889805455561414
pairwise-ext-mf,8,1.0,5,0.021389375830643816,0.03158047324173292,pairwise-ext-mf_n_qubits8_lam1.0_s5,pool-accuracy-pairwise-l12-s1-10-2026-07-29,3d6c44a81c0140d22eed5eb8ac620a593db94aaae99f431c2d3fba5062a0b6f7,12,0.020627739427352954,0.026699412715139648,0.01984365781825022,0.02138937582876867,0.01964165100830179,0.021389375830643816,10,1.0889805455561414
pairwise-ext-mf,8,1.0,6,0.0213893758276175,0.027147056591607464,pairwise-ext-mf_n_qubits8_lam1.0_s6,pool-accuracy-pairwise-l12-s1-10-2026-07-29,60d1a9ec1e7064712dc38498e12ced36fee05fd6d3196122ed3993cf72356b26,12,0.020627739427352954,0.026699412715139648,0.01984365781825022,0.02138937582876867,0.01964165100830179,0.021389375830643816,10,1.0889805455561414
pairwise-ext-mf,8,1.0,7,0.01990127267938731,0.025787077756478285,pairwise-ext-mf_n_qubits8_lam1.0_s7,pool-accuracy-pairwise-l12-s1-10-2026-07-29,d4dac776f4efb4a816abefed19960e2372900d11e2bbafb8d85e06d003856616,12,0.020627739427352954,0.026699412715139648,0.01984365781825022,0.02138937582876867,0.01964165100830179,0.021389375830643816,10,1.0889805455561414
pairwise-ext-mf,8,1.0,8,0.02030695347544523,0.031417726471047715,pairwise-ext-mf_n_qubits8_lam1.0_s8,pool-accuracy-pairwise-l12-s1-10-2026-07-29,efa51bd8ecc5b512478954c1d9e87931466f1c8b21b2ee2d55ed285db6afa4d2,12,0.020627739427352954,0.026699412715139648,0.01984365781825022,0.02138937582876867,0.01964165100830179,0.021389375830643816,10,1.0889805455561414
pairwise-ext-mf,8,1.0,9,0.02091223709189065,0.02580054309255391,pairwise-ext-mf_n_qubits8_lam1.0_s9,pool-accuracy-pairwise-l12-s1-10-2026-07-29,aca7e125e5450fa6118725c76d78dc22f37edca1fd636a153649bf0d258522fb,12,0.020627739427352954,0.026699412715139648,0.01984365781825022,0.02138937582876867,0.01964165100830179,0.021389375830643816,10,1.0889805455561414
pairwise-ext-mf,8,1.0,10,0.01964165100830179,0.033519562418258875,pairwise-ext-mf_n_qubits8_lam1.0_s10,pool-accuracy-pairwise-l12-s1-10-2026-07-29,71c49551313bea1c7d537ef8e879975c1255e251ea8611fe2c6496fed7a33cc1,12,0.020627739427352954,0.026699412715139648,0.01984365781825022,0.02138937582876867,0.01964165100830179,0.021389375830643816,10,1.0889805455561414
pairwise-ext-mf,8,1.5,1,0.03602601072578009,0.060071301697467015,pairwise-ext-mf_n_qubits8_lam1.5_s1,pool-accuracy-pairwise-l12-s1-10-2026-07-29,15cfa540eee5dcecde05a6c296083da6694b3a0c630788f7ab05eb94e3a7079a,12,0.03683918324375117,0.012076555579748849,0.0353926606513687,0.03714047641233786,0.03522165571055607,0.03754568334907166,10,1.065982918509395
pairwise-ext-mf,8,1.5,2,0.03708205147739318,0.08212227747620453,pairwise-ext-mf_n_qubits8_lam1.5_s2,pool-accuracy-pairwise-l12-s1-10-2026-07-29,c3591db9008a55c3585ae6e40dd913074a056c0a34aebc4f4196fb007adf8b1c,12,0.03683918324375117,0.012076555579748849,0.0353926606513687,0.03714047641233786,0.03522165571055607,0.03754568334907166,10,1.065982918509395
pairwise-ext-mf,8,1.5,3,0.03659823842847045,0.07787021505138864,pairwise-ext-mf_n_qubits8_lam1.5_s3,pool-accuracy-pairwise-l12-s1-10-2026-07-29,70341891b6f3db6980ad65133b1a9564f042d4bc9ab79ac4c9a9eb78da3c5ff1,12,0.03683918324375117,0.012076555579748849,0.0353926606513687,0.03714047641233786,0.03522165571055607,0.03754568334907166,10,1.065982918509395
pairwise-ext-mf,8,1.5,4,0.036200377064723906,0.08463842174274917,pairwise-ext-mf_n_qubits8_lam1.5_s4,pool-accuracy-pairwise-l12-s1-10-2026-07-29,972d4f0023024d3ddbc8ac738d252c523dd440f9dfb7f8b1b483f31772067ac3,12,0.03683918324375117,0.012076555579748849,0.0353926606513687,0.03714047641233786,0.03522165571055607,0.03754568334907166,10,1.065982918509395
pairwise-ext-mf,8,1.5,5,0.03754568334907166,0.07272517110113957,pairwise-ext-mf_n_qubits8_lam1.5_s5,pool-accuracy-pairwise-l12-s1-10-2026-07-29,922452654bec11430ad018ab9f4919f64e0ae555c63fd1f76a9aa07febc8ac9d,12,0.03683918324375117,0.012076555579748849,0.0353926606513687,0.03714047641233786,0.03522165571055607,0.03754568334907166,10,1.065982918509395
pairwise-ext-mf,8,1.5,6,0.03522165571055607,0.07124038144504986,pairwise-ext-mf_n_qubits8_lam1.5_s6,pool-accuracy-pairwise-l12-s1-10-2026-07-29,43573eb4186f552043a03c5e956d279435b500e82c27ba1d598c1a183ca4541f,12,0.03683918324375117,0.012076555579748849,0.0353926606513687,0.03714047641233786,0.03522165571055607,0.03754568334907166,10,1.065982918509395
pairwise-ext-mf,8,1.5,7,0.03541166120034788,0.06610272954406528,pairwise-ext-mf_n_qubits8_lam1.5_s7,pool-accuracy-pairwise-l12-s1-10-2026-07-29,a00cbb0aa394033e63bb6220eafd3d13a99ed92465c0eb66dc550f651087d2dd,12,0.03683918324375117,0.012076555579748849,0.0353926606513687,0.03714047641233786,0.03522165571055607,0.03754568334907166,10,1.065982918509395
pairwise-ext-mf,8,1.5,8,0.037088217437015465,0.07168812488231631,pairwise-ext-mf_n_qubits8_lam1.5_s8,pool-accuracy-pairwise-l12-s1-10-2026-07-29,0529e4238fd04519902a17ccb11a48ad30e14d613055f00a3831369868e2f521,12,0.03683918324375117,0.012076555579748849,0.0353926606513687,0.03714047641233786,0.03522165571055607,0.03754568334907166,10,1.065982918509395
pairwise-ext-mf,8,1.5,9,0.03709545341936744,0.07729351515353718,pairwise-ext-mf_n_qubits8_lam1.5_s9,pool-accuracy-pairwise-l12-s1-10-2026-07-29,884f317ed4c6e5a07d608a9de12e86e2dfdaff3337f53c57ebf289119d916db1,12,0.03683918324375117,0.012076555579748849,0.0353926606513687,0.03714047641233786,0.03522165571055607,0.03754568334907166,10,1.065982918509395
pairwise-ext-mf,8,1.5,10,0.037080128059031894,0.08077868553844766,pairwise-ext-mf_n_qubits8_lam1.5_s10,pool-accuracy-pairwise-l12-s1-10-2026-07-29,ca17ad14c9b9b1cb24b6861827fd7fe4da8c1771b069851401fa06be1a2f8eea,12,0.03683918324375117,0.012076555579748849,0.0353926606513687,0.03714047641233786,0.03522165571055607,0.03754568334907166,10,1.065982918509395
pairwise-ext-mf,8,2.0,1,0.015890568122192705,0.0569454194695644,pairwise-ext-mf_n_qubits8_lam2.0_s1,pool-accuracy-pairwise-l12-s1-10-2026-07-29,d36c5cb4de709b43ed0d3e7c792e65a3b624639584733c714eae8a42c41fa5a1,12,0.01573750091668466,0.010817973214063414,0.014960734674269172,0.016101279281147896,0.014731717137610824,0.016108231987566085,10,1.0934388596452853
pairwise-ext-mf,8,2.0,2,0.014731717137610824,0.0510109630149385,pairwise-ext-mf_n_qubits8_lam2.0_s2,pool-accuracy-pairwise-l12-s1-10-2026-07-29,83c24038f51a7461c3583204706d63c90e4be694ccb65265ce8fe8e79a78becf,12,0.01573750091668466,0.010817973214063414,0.014960734674269172,0.016101279281147896,0.014731717137610824,0.016108231987566085,10,1.0934388596452853
pairwise-ext-mf,8,2.0,3,0.015557940279220533,0.058928946242093244,pairwise-ext-mf_n_qubits8_lam2.0_s3,pool-accuracy-pairwise-l12-s1-10-2026-07-29,43e5df1286e9f690318d3457228f4d0a0fb88427660070c9a78f826a0f0a465a,12,0.01573750091668466,0.010817973214063414,0.014960734674269172,0.016101279281147896,0.014731717137610824,0.016108231987566085,10,1.0934388596452853
pairwise-ext-mf,8,2.0,4,0.015721666499585507,0.03835411821744266,pairwise-ext-mf_n_qubits8_lam2.0_s4,pool-accuracy-pairwise-l12-s1-10-2026-07-29,26265e604810fad388ec53b611a2e5c3518fc7a647d41ca30159072f29a22e0e,12,0.01573750091668466,0.010817973214063414,0.014960734674269172,0.016101279281147896,0.014731717137610824,0.016108231987566085,10,1.0934388596452853
pairwise-ext-mf,8,2.0,5,0.016108231987566085,0.04604383645514055,pairwise-ext-mf_n_qubits8_lam2.0_s5,pool-accuracy-pairwise-l12-s1-10-2026-07-29,e1a44759d7d7d1214737cf005012320e09aa4dd82c0d3848cf9adc37aea142f2,12,0.01573750091668466,0.010817973214063414,0.014960734674269172,0.016101279281147896,0.014731717137610824,0.016108231987566085,10,1.0934388596452853
pairwise-ext-mf,8,2.0,6,0.015753335333783813,0.06265647287654343,pairwise-ext-mf_n_qubits8_lam2.0_s6,pool-accuracy-pairwise-l12-s1-10-2026-07-29,218785b1787e93977e758a20a1c0e23cada2e667b5669ca58b6ea884043a6875,12,0.01573750091668466,0.010817973214063414,0.014960734674269172,0.016101279281147896,0.014731717137610824,0.016108231987566085,10,1.0934388596452853
pairwise-ext-mf,8,2.0,7,0.016100506758212542,0.03381848351221672,pairwise-ext-mf_n_qubits8_lam2.0_s7,pool-accuracy-pairwise-l12-s1-10-2026-07-29,a99cca7085b23d33f3700cc22cf91c715241f874c86a3a3ade27af524a024386,12,0.01573750091668466,0.010817973214063414,0.014960734674269172,0.016101279281147896,0.014731717137610824,0.016108231987566085,10,1.0934388596452853
pairwise-ext-mf,8,2.0,8,0.01560866264115498,0.06006942490120284,pairwise-ext-mf_n_qubits8_lam2.0_s8,pool-accuracy-pairwise-l12-s1-10-2026-07-29,f7c7287cbe401866114ad6fe39f6a9815d60a250f1ea8b3171d20096c68c54d3,12,0.01573750091668466,0.010817973214063414,0.014960734674269172,0.016101279281147896,0.014731717137610824,0.016108231987566085,10,1.0934388596452853
pairwise-ext-mf,8,2.0,9,0.01498618106723121,0.07896720470072437,pairwise-ext-mf_n_qubits8_lam2.0_s9,pool-accuracy-pairwise-l12-s1-10-2026-07-29,2f15e57cabd9f93fcb8d9a9c3c081044ce18f4a83d246159f92924d153f9f1a8,12,0.01573750091668466,0.010817973214063414,0.014960734674269172,0.016101279281147896,0.014731717137610824,0.016108231987566085,10,1.0934388596452853
pairwise-ext-mf,8,2.0,10,0.01598760413820776,0.07398563474558588,pairwise-ext-mf_n_qubits8_lam2.0_s10,pool-accuracy-pairwise-l12-s1-10-2026-07-29,b3021ed9d4658e1b518fffe9c2862d7568f709a476994e3554ae087ae89c1f66,12,0.01573750091668466,0.010817973214063414,0.014960734674269172,0.016101279281147896,0.014731717137610824,0.016108231987566085,10,1.0934388596452853
pairwise-ext-mf,10,0.5,1,0.003345743853554715,0.013489253351107924,pairwise-ext-mf_n_qubits10_lam0.5_s1,pool-accuracy-l12-s1-10-2026-07-28,37902e7199063ab04285c673b0756d755631cf93a859745b5583761aaf1eb068,12,0.0034078834606614816,0.011893832721380448,0.0033329455431061997,0.00347637955179384,0.003218321183186932,0.0035324220790634462,10,1.0975977467747569
pairwise-ext-mf,10,0.5,2,0.003407883088082232,0.007133633396465146,pairwise-ext-mf_n_qubits10_lam0.5_s2,pool-accuracy-l12-s1-10-2026-07-28,2b06e6a62be4b101c90ce8b72af40ce833bd40c46640fec0abb3daa77ec6aae9,12,0.0034078834606614816,0.011893832721380448,0.0033329455431061997,0.00347637955179384,0.003218321183186932,0.0035324220790634462,10,1.0975977467747569
pairwise-ext-mf,10,0.5,3,0.0034078838314396723,0.010027985161336373,pairwise-ext-mf_n_qubits10_lam0.5_s3,pool-accuracy-l12-s1-10-2026-07-28,20937dd11caac4531f5f33cec854b9ba8e665232cbf784ffa612ac61dbbc5cc6,12,0.0034078834606614816,0.011893832721380448,0.0033329455431061997,0.00347637955179384,0.003218321183186932,0.0035324220790634462,10,1.0975977467747569
pairwise-ext-mf,10,0.5,4,0.0034701526043194393,0.009546412342732225,pairwise-ext-mf_n_qubits10_lam0.5_s4,pool-accuracy-l12-s1-10-2026-07-28,37d5c5e9e0678f7d9a6a59a9f07258ae70dcefa4de324b56c12a986908f9f806,12,0.0034078834606614816,0.011893832721380448,0.0033329455431061997,0.00347637955179384,0.003218321183186932,0.0035324220790634462,10,1.0975977467747569
pairwise-ext-mf,10,0.5,5,0.0035324220790634462,0.01446667546637212,pairwise-ext-mf_n_qubits10_lam0.5_s5,pool-accuracy-l12-s1-10-2026-07-28,3ecbebda9ac7300d2a0fa2e89b3e824ff7fbf60c7bdabebf8b1b0a6062b2c244,12,0.0034078834606614816,0.011893832721380448,0.0033329455431061997,0.00347637955179384,0.003218321183186932,0.0035324220790634462,10,1.0975977467747569
pairwise-ext-mf,10,0.5,6,0.003218321183186932,0.010953421943830366,pairwise-ext-mf_n_qubits10_lam0.5_s6,pool-accuracy-l12-s1-10-2026-07-28,465f0f4eeeb9b3a08bc65c3e1f435a928c656a15a7d49f6b1bea7c6f9f8071d6,12,0.0034078834606614816,0.011893832721380448,0.0033329455431061997,0.00347637955179384,0.003218321183186932,0.0035324220790634462,10,1.0975977467747569
pairwise-ext-mf,10,0.5,7,0.0033456815830972294,0.012732757288606069,pairwise-ext-mf_n_qubits10_lam0.5_s7,pool-accuracy-l12-s1-10-2026-07-28,367053b7b295652da582bd0398d6fab2b9051044a7e543b50d2d0defa34bd282,12,0.0034078834606614816,0.011893832721380448,0.0033329455431061997,0.00347637955179384,0.003218321183186932,0.0035324220790634462,10,1.0975977467747569
pairwise-ext-mf,10,0.5,8,0.003407960786004086,0.010618840891348935,pairwise-ext-mf_n_qubits10_lam0.5_s8,pool-accuracy-l12-s1-10-2026-07-28,0b337fdeaf27279372dc0d8e835bc52d0825bf84b195c617138dc345d5f34f57,12,0.0034078834606614816,0.011893832721380448,0.0033329455431061997,0.00347637955179384,0.003218321183186932,0.0035324220790634462,10,1.0975977467747569
pairwise-ext-mf,10,0.5,9,0.003470152583570184,0.006883423879961135,pairwise-ext-mf_n_qubits10_lam0.5_s9,pool-accuracy-l12-s1-10-2026-07-28,5a7f5170c4debf38ab075dfbd087de4af8ef1e2fa4732df9da3aa72b71adc317,12,0.0034078834606614816,0.011893832721380448,0.0033329455431061997,0.00347637955179384,0.003218321183186932,0.0035324220790634462,10,1.0975977467747569
pairwise-ext-mf,10,0.5,10,0.0034078830898832905,0.008838798751204658,pairwise-ext-mf_n_qubits10_lam0.5_s10,pool-accuracy-l12-s1-10-2026-07-28,8ea5a5523ad05bdefcba556ae748a4f286119d02ac2c3272af532571b583b0bb,12,0.0034078834606614816,0.011893832721380448,0.0033329455431061997,0.00347637955179384,0.003218321183186932,0.0035324220790634462,10,1.0975977467747569
pairwise-ext-mf,10,1.0,1,0.018992375734782744,0.025209368429122043,pairwise-ext-mf_n_qubits10_lam1.0_s1,pool-accuracy-pairwise-l12-s1-10-2026-07-29,6ed723ec4c5cf091d0f08631174154e3378291f757ce7748dd27d9b1f9ba865b,12,0.01887038930307272,0.00987813539859883,0.01842759002796591,0.01923741332855149,0.01798854300548189,0.019237413328556035,10,1.0694258741629914
pairwise-ext-mf,10,1.0,2,0.01874840287136375,0.028077645919034805,pairwise-ext-mf_n_qubits10_lam1.0_s2,pool-accuracy-pairwise-l12-s1-10-2026-07-29,3c40a3263f500468eb687e758a5a5f150b57c9b381ddcab73e0dcb63377635ce,12,0.01887038930307272,0.00987813539859883,0.01842759002796591,0.01923741332855149,0.01798854300548189,0.019237413328556035,10,1.0694258741629914
pairwise-ext-mf,10,1.0,3,0.018992375737955782,0.027711567387846126,pairwise-ext-mf_n_qubits10_lam1.0_s3,pool-accuracy-pairwise-l12-s1-10-2026-07-29,fd9b5931a781eae7ad6cec87dc13fe15765cb62d2919eaa9412c578965eaf6c6,12,0.01887038930307272,0.00987813539859883,0.01842759002796591,0.01923741332855149,0.01798854300548189,0.019237413328556035,10,1.0694258741629914
pairwise-ext-mf,10,1.0,4,0.018747338223329923,0.025333787116686005,pairwise-ext-mf_n_qubits10_lam1.0_s4,pool-accuracy-pairwise-l12-s1-10-2026-07-29,bda2e0390faec6d5892cc08af39215d91392429b661decd48b5452f39f17a1ba,12,0.01887038930307272,0.00987813539859883,0.01842759002796591,0.01923741332855149,0.01798854300548189,0.019237413328556035,10,1.0694258741629914
pairwise-ext-mf,10,1.0,5,0.019237413328556035,0.025335735663068088,pairwise-ext-mf_n_qubits10_lam1.0_s5,pool-accuracy-pairwise-l12-s1-10-2026-07-29,1a20dd25cba72a25cda3c55f145fae1e4e9ab1086035d8dd3b8bd57413d98b8a,12,0.01887038930307272,0.00987813539859883,0.01842759002796591,0.01923741332855149,0.01798854300548189,0.019237413328556035,10,1.0694258741629914
pairwise-ext-mf,10,1.0,6,0.01798854300548189,0.029576601140680565,pairwise-ext-mf_n_qubits10_lam1.0_s6,pool-accuracy-pairwise-l12-s1-10-2026-07-29,fc5518d5333bc8a923dcae6581ea8177d9024d4a4ca2a50e55da36e97fcabffd,12,0.01887038930307272,0.00987813539859883,0.01842759002796591,0.01923741332855149,0.01798854300548189,0.019237413328556035,10,1.0694258741629914
pairwise-ext-mf,10,1.0,7,0.018992375734781696,0.02156532005122963,pairwise-ext-mf_n_qubits10_lam1.0_s7,pool-accuracy-pairwise-l12-s1-10-2026-07-29,c3087c205a8d01554fcaf37df2870b3cf42dd188baa01199f489faf5b8de4519,12,0.01887038930307272,0.00987813539859883,0.01842759002796591,0.01923741332855149,0.01798854300548189,0.019237413328556035,10,1.0694258741629914
pairwise-ext-mf,10,1.0,8,0.018476373030464135,0.026447510670775373,pairwise-ext-mf_n_qubits10_lam1.0_s8,pool-accuracy-pairwise-l12-s1-10-2026-07-29,d69379a51ac8e1c6e474d0c1af14548d228ec8a3d059d88b4d641db4cf9b9d8d,12,0.01887038930307272,0.00987813539859883,0.01842759002796591,0.01923741332855149,0.01798854300548189,0.019237413328556035,10,1.0694258741629914
pairwise-ext-mf,10,1.0,9,0.01850457423813264,0.02667719989869034,pairwise-ext-mf_n_qubits10_lam1.0_s9,pool-accuracy-pairwise-l12-s1-10-2026-07-29,9b688ce16f6befb088b3ca2631795e3311753bd8031d99bb55dea2386042221d,12,0.01887038930307272,0.00987813539859883,0.01842759002796591,0.01923741332855149,0.01798854300548189,0.019237413328556035,10,1.0694258741629914
pairwise-ext-mf,10,1.0,10,0.019237413328550983,0.028883002516714086,pairwise-ext-mf_n_qubits10_lam1.0_s10,pool-accuracy-pairwise-l12-s1-10-2026-07-29,b95a7467100fce104cbfd14579dd78a8df41cebc453603d1eeff3722169322da,12,0.01887038930307272,0.00987813539859883,0.01842759002796591,0.01923741332855149,0.01798854300548189,0.019237413328556035,10,1.0694258741629914
pairwise-ext-mf,10,1.5,1,0.025725026825549613,0.05629172510279825,pairwise-ext-mf_n_qubits10_lam1.5_s1,pool-accuracy-l12-s1-10-2026-07-28,024c11b308f4a5a459f05f8c1c0de319d52d9311bbabc4bf3f2fabd46784176a,12,0.025585922602035783,0.00852917769939654,0.02511014213781569,0.025747780724415126,0.024606792021524323,0.025952565814204742,10,1.0546911515935613
pairwise-ext-mf,10,1.5,2,0.025212618986928073,0.0674811224801106,pairwise-ext-mf_n_qubits10_lam1.5_s2,pool-accuracy-l12-s1-10-2026-07-28,fb28883edadbb93ebc81b71bb1ec65136f23088c50527655227032fd7a6d9809,12,0.025585922602035783,0.00852917769939654,0.02511014213781569,0.025747780724415126,0.024606792021524323,0.025952565814204742,10,1.0546911515935613
pairwise-ext-mf,10,1.5,3,0.025166069928514733,0.060309414943713696,pairwise-ext-mf_n_qubits10_lam1.5_s3,pool-accuracy-l12-s1-10-2026-07-28,e29e9c94aa8b2eaa42d046c26e68cd8962c6439826896e6d323f74666b7a5650,12,0.025585922602035783,0.00852917769939654,0.02511014213781569,0.025747780724415126,0.024606792021524323,0.025952565814204742,10,1.0546911515935613
pairwise-ext-mf,10,1.5,4,0.025686962158122426,0.04866107677447553,pairwise-ext-mf_n_qubits10_lam1.5_s4,pool-accuracy-l12-s1-10-2026-07-28,e2200a5bfcd3fead498c94b7f78830968e7d1de7e659937bdd9b386a169f9328,12,0.025585922602035783,0.00852917769939654,0.02511014213781569,0.025747780724415126,0.024606792021524323,0.025952565814204742,10,1.0546911515935613
pairwise-ext-mf,10,1.5,5,0.025717889062032644,0.06445114382343094,pairwise-ext-mf_n_qubits10_lam1.5_s5,pool-accuracy-l12-s1-10-2026-07-28,5edcc0b36228f0ff4730512b90356570e76d9296345c5e202e50bcae4574b91e,12,0.025585922602035783,0.00852917769939654,0.02511014213781569,0.025747780724415126,0.024606792021524323,0.025952565814204742,10,1.0546911515935613
pairwise-ext-mf,10,1.5,6,0.025716789384107784,0.055353671378735904,pairwise-ext-mf_n_qubits10_lam1.5_s6,pool-accuracy-l12-s1-10-2026-07-28,7e1c3aa9d01a88916b6d34fc9e84609390cd9bc67cea54a1628828474b0be51c,12,0.025585922602035783,0.00852917769939654,0.02511014213781569,0.025747780724415126,0.024606792021524323,0.025952565814204742,10,1.0546911515935613
pairwise-ext-mf,10,1.5,7,0.025232019671491263,0.06259656105845642,pairwise-ext-mf_n_qubits10_lam1.5_s7,pool-accuracy-l12-s1-10-2026-07-28,878b0295f2aec0a3018814d105fc92b3fdbfe626bad2626f8f9cb330cc106003,12,0.025585922602035783,0.00852917769939654,0.02511014213781569,0.025747780724415126,0.024606792021524323,0.025952565814204742,10,1.0546911515935613
pairwise-ext-mf,10,1.5,8,0.025952565814204742,0.0623242248703402,pairwise-ext-mf_n_qubits10_lam1.5_s8,pool-accuracy-l12-s1-10-2026-07-28,b025cd01dc1806ad3e6c5a42b1d633ca251c8e0ff179d637e1b8288a231ee0b4,12,0.025585922602035783,0.00852917769939654,0.02511014213781569,0.025747780724415126,0.024606792021524323,0.025952565814204742,10,1.0546911515935613
pairwise-ext-mf,10,1.5,9,0.02548488304594914,0.04786892278713989,pairwise-ext-mf_n_qubits10_lam1.5_s9,pool-accuracy-l12-s1-10-2026-07-28,86a34435d90699752a3d6deb212c123fab2d85561cf527e2cc299269f59ebfc9,12,0.025585922602035783,0.00852917769939654,0.02511014213781569,0.025747780724415126,0.024606792021524323,0.025952565814204742,10,1.0546911515935613
pairwise-ext-mf,10,1.5,10,0.024606792021524323,0.04982812925989149,pairwise-ext-mf_n_qubits10_lam1.5_s10,pool-accuracy-l12-s1-10-2026-07-28,4175cd9a245ac9ed02cad68dc6a096a6cdaf2287ee0c4b30046830a7d9967bc5,12,0.025585922602035783,0.00852917769939654,0.02511014213781569,0.025747780724415126,0.024606792021524323,0.025952565814204742,10,1.0546911515935613
pairwise-ext-mf,10,2.0,1,0.008324154130301688,0.05417371359927803,pairwise-ext-mf_n_qubits10_lam2.0_s1,pool-accuracy-pairwise-l12-s1-10-2026-07-29,3a2cab8944a78184a4f10c182588342e926643dbfe860bad5c05698f50edfc45,12,0.00831854429584239,0.011551890683047183,0.008051606143394771,0.00843956120695584,0.007955781029799165,0.008481319384064727,10,1.066057418158834
pairwise-ext-mf,10,2.0,2,0.008062253378238727,0.04152085425836797,pairwise-ext-mf_n_qubits10_lam2.0_s2,pool-accuracy-pairwise-l12-s1-10-2026-07-29,c8e0308181d326c3e4225f87d054f538b9e8660c433e3f4eca4130370bbc76bc,12,0.00831854429584239,0.011551890683047183,0.008051606143394771,0.00843956120695584,0.007955781029799165,0.008481319384064727,10,1.066057418158834
pairwise-ext-mf,10,2.0,3,0.008434921409499297,0.05504527482025262,pairwise-ext-mf_n_qubits10_lam2.0_s3,pool-accuracy-pairwise-l12-s1-10-2026-07-29,c9a679291304079ebfcbe40627d237aa01aeb73c04a2fc3917a9bb8bb8e78d37,12,0.00831854429584239,0.011551890683047183,0.008051606143394771,0.00843956120695584,0.007955781029799165,0.008481319384064727,10,1.066057418158834
pairwise-ext-mf,10,2.0,4,0.00819638889005745,0.043332465121791085,pairwise-ext-mf_n_qubits10_lam2.0_s4,pool-accuracy-pairwise-l12-s1-10-2026-07-29,b34bb8da72817100d7fdf0219c086af72792b1c791d888c0cbbc2caa29a41e28,12,0.00831854429584239,0.011551890683047183,0.008051606143394771,0.00843956120695584,0.007955781029799165,0.008481319384064727,10,1.066057418158834
pairwise-ext-mf,10,2.0,5,0.008370908708438532,0.05337122431160709,pairwise-ext-mf_n_qubits10_lam2.0_s5,pool-accuracy-pairwise-l12-s1-10-2026-07-29,05dbfa7835a7f0d04b7461f01751dd098c72189f6f8e9e08701888c6c66a0b1b,12,0.00831854429584239,0.011551890683047183,0.008051606143394771,0.00843956120695584,0.007955781029799165,0.008481319384064727,10,1.066057418158834
pairwise-ext-mf,10,2.0,6,0.007955781029799165,0.03019215137276415,pairwise-ext-mf_n_qubits10_lam2.0_s6,pool-accuracy-pairwise-l12-s1-10-2026-07-29,59de4b6aa9050f73667a3ee101f7e145f9e16d800ad97c8518f6a2c669b811fe,12,0.00831854429584239,0.011551890683047183,0.008051606143394771,0.00843956120695584,0.007955781029799165,0.008481319384064727,10,1.066057418158834
pairwise-ext-mf,10,2.0,7,0.008481319384064727,0.02862607626747737,pairwise-ext-mf_n_qubits10_lam2.0_s7,pool-accuracy-pairwise-l12-s1-10-2026-07-29,f0985883007fec72db5f491841c10b2cb236a6f4d88776c71fe9112bfe30470d,12,0.00831854429584239,0.011551890683047183,0.008051606143394771,0.00843956120695584,0.007955781029799165,0.008481319384064727,10,1.066057418158834
pairwise-ext-mf,10,2.0,8,0.008312934461383092,0.05049025517343353,pairwise-ext-mf_n_qubits10_lam2.0_s8,pool-accuracy-pairwise-l12-s1-10-2026-07-29,8763da6ecb608e2e42c8ca2fe283b1a7351502211fec9fc52fc715dae41cb179,12,0.00831854429584239,0.011551890683047183,0.008051606143394771,0.00843956120695584,0.007955781029799165,0.008481319384064727,10,1.066057418158834
pairwise-ext-mf,10,2.0,9,0.008434422391492922,0.03617524123660072,pairwise-ext-mf_n_qubits10_lam2.0_s9,pool-accuracy-pairwise-l12-s1-10-2026-07-29,48a02231b8cf4ba79e0226db7b62d1cda4324e62290dff3329ba8ad5b40c9b5e,12,0.00831854429584239,0.011551890683047183,0.008051606143394771,0.00843956120695584,0.007955781029799165,0.008481319384064727,10,1.066057418158834
pairwise-ext-mf,10,2.0,10,0.008201110314360606,0.04353216224421643,pairwise-ext-mf_n_qubits10_lam2.0_s10,pool-accuracy-pairwise-l12-s1-10-2026-07-29,7bc1781f5b6d43a827ff5ab1aed12a0198edc19beb20edb6e3f2f72b703db34d,12,0.00831854429584239,0.011551890683047183,0.008051606143394771,0.00843956120695584,0.007955781029799165,0.008481319384064727,10,1.066057418158834
pairwise-ext-mf,12,1.0,1,0.01704615395440782,0.018831354823917918,pairwise-ext-mf_n_qubits12_lam1.0_s1,pool-accuracy-pairwise-l12-s1-10-2026-07-29,981c5d5db2a4f7f546113a63eefc7de85476acb94f37c0a16f9bb606c03b8ff7,12,0.0167628165255053,0.0070869853426966944,0.016568031503964,0.016918625931906184,0.016453046433197487,0.01704615395440782,10,1.036048492515867
pairwise-ext-mf,12,1.0,2,0.016699603121751977,0.023928127844475365,pairwise-ext-mf_n_qubits12_lam1.0_s2,pool-accuracy-pairwise-l12-s1-10-2026-07-29,e7512f44cb38ba16d45055c55980530c8b46185dd062367c7c15c29e100194ff,12,0.0167628165255053,0.0070869853426966944,0.016568031503964,0.016918625931906184,0.016453046433197487,0.01704615395440782,10,1.036048492515867
pairwise-ext-mf,12,1.0,3,0.016904456151628226,0.024626325352313117,pairwise-ext-mf_n_qubits12_lam1.0_s3,pool-accuracy-pairwise-l12-s1-10-2026-07-29,faea039cc1373d89fbadd85223a0047acec0c74eea6223f682d6af691eeb249f,12,0.0167628165255053,0.0070869853426966944,0.016568031503964,0.016918625931906184,0.016453046433197487,0.01704615395440782,10,1.036048492515867
pairwise-ext-mf,12,1.0,4,0.01658080762293806,0.022737996214438186,pairwise-ext-mf_n_qubits12_lam1.0_s4,pool-accuracy-pairwise-l12-s1-10-2026-07-29,6870c5a52153d96871c82f2774f700f63bcb7aaca29cd6fec8e95314967b807f,12,0.0167628165255053,0.0070869853426966944,0.016568031503964,0.016918625931906184,0.016453046433197487,0.01704615395440782,10,1.036048492515867
pairwise-ext-mf,12,1.0,5,0.016763304411463398,0.02672570844633155,pairwise-ext-mf_n_qubits12_lam1.0_s5,pool-accuracy-pairwise-l12-s1-10-2026-07-29,c42b0230a75778ab9408130c30e082c98c7246809ad8c0c054cf737bced19256,12,0.0167628165255053,0.0070869853426966944,0.016568031503964,0.016918625931906184,0.016453046433197487,0.01704615395440782,10,1.036048492515867
pairwise-ext-mf,12,1.0,6,0.016904026395643014,0.026066806522553665,pairwise-ext-mf_n_qubits12_lam1.0_s6,pool-accuracy-pairwise-l12-s1-10-2026-07-29,a39c37f98f5ab2ec9c0eeef40c5289ba2ede2fb235b514cdc4dd19d3dad134b7,12,0.0167628165255053,0.0070869853426966944,0.016568031503964,0.016918625931906184,0.016453046433197487,0.01704615395440782,10,1.036048492515867
pairwise-ext-mf,12,1.0,7,0.01690402639197242,0.0226350502685246,pairwise-ext-mf_n_qubits12_lam1.0_s7,pool-accuracy-pairwise-l12-s1-10-2026-07-29,1413046c53da5e534e69886ebbd1c839836c35c33bc2ace3b572cf45ddfceffb,12,0.0167628165255053,0.0070869853426966944,0.016568031503964,0.016918625931906184,0.016453046433197487,0.01704615395440782,10,1.036048492515867
pairwise-ext-mf,12,1.0,8,0.016762328639547196,0.02485403866184555,pairwise-ext-mf_n_qubits12_lam1.0_s8,pool-accuracy-pairwise-l12-s1-10-2026-07-29,4ba157aa51e60260230bd2b9623cab9375f16e9b0ce19bee77bc99f97533f159,12,0.0167628165255053,0.0070869853426966944,0.016568031503964,0.016918625931906184,0.016453046433197487,0.01704615395440782,10,1.036048492515867
pairwise-ext-mf,12,1.0,9,0.016607356886345882,0.025906557538546426,pairwise-ext-mf_n_qubits12_lam1.0_s9,pool-accuracy-pairwise-l12-s1-10-2026-07-29,28579675465ba90ef183576ccf2ead2eef37b9bf11a508326175fc4d52ff86d3,12,0.0167628165255053,0.0070869853426966944,0.016568031503964,0.016918625931906184,0.016453046433197487,0.01704615395440782,10,1.036048492515867
pairwise-ext-mf,12,1.0,10,0.016453046433197487,0.02440259750077637,pairwise-ext-mf_n_qubits12_lam1.0_s10,pool-accuracy-pairwise-l12-s1-10-2026-07-29,b2770662b6bb4a9d576fd2edca44a72b4e8ee94eac15beb9127dc2e8c3c2693c,12,0.0167628165255053,0.0070869853426966944,0.016568031503964,0.016918625931906184,0.016453046433197487,0.01704615395440782,10,1.036048492515867
pairwise-ext-mf,12,1.5,1,0.018061413442246297,0.04994292072282487,pairwise-ext-mf_n_qubits12_lam1.5_s1,pool-accuracy-pairwise-l12-s1-10-2026-07-29,ac617d654b031be86b59b80c22ff7bbd9859f55dac7376f9f22e7435843f455d,12,0.01813081142426802,0.0013820672619637708,0.01801533502048453,0.018403839504974488,0.01760062922462863,0.018406787924125215,10,1.0458028340468943
pairwise-ext-mf,12,1.5,2,0.018129289646018378,0.044753574618391634,pairwise-ext-mf_n_qubits12_lam1.5_s2,pool-accuracy-pairwise-l12-s1-10-2026-07-29,1bcbca60f15d3e234893bca1e57d3ba5006fe7ec1ddc624426c26740e0ba8c61,12,0.01813081142426802,0.0013820672619637708,0.01801533502048453,0.018403839504974488,0.01760062922462863,0.018406787924125215,10,1.0458028340468943
pairwise-ext-mf,12,1.5,3,0.018130799301993964,0.051862258659519656,pairwise-ext-mf_n_qubits12_lam1.5_s3,pool-accuracy-pairwise-l12-s1-10-2026-07-29,4fb2df3c400567881f61a9f4fab6d940e204f49a42e58fe95f1cbb3a0d427029,12,0.01813081142426802,0.0013820672619637708,0.01801533502048453,0.018403839504974488,0.01760062922462863,0.018406787924125215,10,1.0458028340468943
pairwise-ext-mf,12,1.5,4,0.01813082354654208,0.047357537813475514,pairwise-ext-mf_n_qubits12_lam1.5_s4,pool-accuracy-pairwise-l12-s1-10-2026-07-29,f62edcf596aeb70d807842d090d0d6b737cb04293792ce2b392cc4649d0af07c,12,0.01813081142426802,0.0013820672619637708,0.01801533502048453,0.018403839504974488,0.01760062922462863,0.018406787924125215,10,1.0458028340468943
pairwise-ext-mf,12,1.5,5,0.018134792031329658,0.029555781647062598,pairwise-ext-mf_n_qubits12_lam1.5_s5,pool-accuracy-pairwise-l12-s1-10-2026-07-29,e58331d53125dbf527e7927d0558eb77716c5a006e680d3e4f0b584a25a33761,12,0.01813081142426802,0.0013820672619637708,0.01801533502048453,0.018403839504974488,0.01760062922462863,0.018406787924125215,10,1.0458028340468943
pairwise-ext-mf,12,1.5,6,0.01760062922462863,0.03702837581736274,pairwise-ext-mf_n_qubits12_lam1.5_s6,pool-accuracy-pairwise-l12-s1-10-2026-07-29,6ff0ece49749ab58f13cb4e6f557a1cf92f52f298c803f17be08e6f4624a3fb3,12,0.01813081142426802,0.0013820672619637708,0.01801533502048453,0.018403839504974488,0.01760062922462863,0.018406787924125215,10,1.0458028340468943
pairwise-ext-mf,12,1.5,7,0.01814006980149337,0.04773758334728957,pairwise-ext-mf_n_qubits12_lam1.5_s7,pool-accuracy-pairwise-l12-s1-10-2026-07-29,47f1cd314f39ad62ae006acef36a178bfd4b75e5c03c8ab73fec971ef6acb06c,12,0.01813081142426802,0.0013820672619637708,0.01801533502048453,0.018403839504974488,0.01760062922462863,0.018406787924125215,10,1.0458028340468943
pairwise-ext-mf,12,1.5,8,0.018403511902846628,0.044294976572013076,pairwise-ext-mf_n_qubits12_lam1.5_s8,pool-accuracy-pairwise-l12-s1-10-2026-07-29,408b343ff4530f435f2fc4dc7a4e3e6d0d934aae681600e525862fdf33397776,12,0.01813081142426802,0.0013820672619637708,0.01801533502048453,0.018403839504974488,0.01760062922462863,0.018406787924125215,10,1.0458028340468943
pairwise-ext-mf,12,1.5,9,0.01806506167189091,0.05462872875651475,pairwise-ext-mf_n_qubits12_lam1.5_s9,pool-accuracy-pairwise-l12-s1-10-2026-07-29,6d91ddaca3357f82fbad6e182db80a7171df8850baaca80a76c52a6bd136c884,12,0.01813081142426802,0.0013820672619637708,0.01801533502048453,0.018403839504974488,0.01760062922462863,0.018406787924125215,10,1.0458028340468943
pairwise-ext-mf,12,1.5,10,0.018406787924125215,0.04084185518865122,pairwise-ext-mf_n_qubits12_lam1.5_s10,pool-accuracy-pairwise-l12-s1-10-2026-07-29,925ddc68ffa6b13ab2b018b310b42fb6ee4f0fcd8c573c28751b11feb6ef7f35,12,0.01813081142426802,0.0013820672619637708,0.01801533502048453,0.018403839504974488,0.01760062922462863,0.018406787924125215,10,1.0458028340468943
pairwise-ext-mf,12,2.0,1,0.004843906755251988,0.0336007616968453,pairwise-ext-mf_n_qubits12_lam2.0_s1,pool-accuracy-pairwise-l12-s1-10-2026-07-29,807f1ee6dca1743827e1971f77e07765847ccc6357b1f8817cf974c9b51ed9d0,12,0.004879467214408696,0.010532367174922452,0.004800295281211969,0.004987511063066972,0.004759124687358928,0.004987589460746978,10,1.0480056288491228
pairwise-ext-mf,12,2.0,2,0.004759124687358928,0.04542165020265193,pairwise-ext-mf_n_qubits12_lam2.0_s2,pool-accuracy-pairwise-l12-s1-10-2026-07-29,79f586c61379c82f689f1cadc15e7cf6bef3955fad1cddf821f01262dcfb40ac,12,0.004879467214408696,0.010532367174922452,0.004800295281211969,0.004987511063066972,0.004759124687358928,0.004987589460746978,10,1.0480056288491228
pairwise-ext-mf,12,2.0,3,0.004981574333959658,0.030474433424031517,pairwise-ext-mf_n_qubits12_lam2.0_s3,pool-accuracy-pairwise-l12-s1-10-2026-07-29,7a12d5aa85a6659074645d0bc3bfe018de3d6c25df0fe11d990259b28bf3cd11,12,0.004879467214408696,0.010532367174922452,0.004800295281211969,0.004987511063066972,0.004759124687358928,0.004987589460746978,10,1.0480056288491228
pairwise-ext-mf,12,2.0,4,0.004987502352213638,0.03545851534936822,pairwise-ext-mf_n_qubits12_lam2.0_s4,pool-accuracy-pairwise-l12-s1-10-2026-07-29,1abca6467fbe71cd8300476a044a7d285fcd59b6c883a92e1fc16a19a90120b6,12,0.004879467214408696,0.010532367174922452,0.004800295281211969,0.004987511063066972,0.004759124687358928,0.004987589460746978,10,1.0480056288491228
pairwise-ext-mf,12,2.0,5,0.004863332270051626,0.0379482344665377,pairwise-ext-mf_n_qubits12_lam2.0_s5,pool-accuracy-pairwise-l12-s1-10-2026-07-29,908ed5a7c1dc029f90a64fff74473d321272b1ee5297e86884ea62536d2e290f,12,0.004879467214408696,0.010532367174922452,0.004800295281211969,0.004987511063066972,0.004759124687358928,0.004987589460746978,10,1.0480056288491228
pairwise-ext-mf,12,2.0,6,0.004895602158765767,0.05400177619376614,pairwise-ext-mf_n_qubits12_lam2.0_s6,pool-accuracy-pairwise-l12-s1-10-2026-07-29,1f9a8953047dda5af4f298e17894a4fb8429a6893ded6a522bde60b583b63d80,12,0.004879467214408696,0.010532367174922452,0.004800295281211969,0.004987511063066972,0.004759124687358928,0.004987589460746978,10,1.0480056288491228
pairwise-ext-mf,12,2.0,7,0.004917255120178923,0.027014614910128704,pairwise-ext-mf_n_qubits12_lam2.0_s7,pool-accuracy-pairwise-l12-s1-10-2026-07-29,6cd50c961c9b0a1a83f454c4be636019a25c88ec13cb81dcf26ee29bd96ecaa3,12,0.004879467214408696,0.010532367174922452,0.004800295281211969,0.004987511063066972,0.004759124687358928,0.004987589460746978,10,1.0480056288491228
pairwise-ext-mf,12,2.0,8,0.004804869791640085,0.04652793975379934,pairwise-ext-mf_n_qubits12_lam2.0_s8,pool-accuracy-pairwise-l12-s1-10-2026-07-29,8cae753939ddb7bdc663676386ac80e6e54a7da0ae073b0ee300afd2927e9b84,12,0.004879467214408696,0.010532367174922452,0.004800295281211969,0.004987511063066972,0.004759124687358928,0.004987589460746978,10,1.0480056288491228
pairwise-ext-mf,12,2.0,9,0.004987589460746978,0.03004788546915343,pairwise-ext-mf_n_qubits12_lam2.0_s9,pool-accuracy-pairwise-l12-s1-10-2026-07-29,467e7efd0a605efe82e3d9948bf9800fc0f12dda6561d1981c774a1b97b5735d,12,0.004879467214408696,0.010532367174922452,0.004800295281211969,0.004987511063066972,0.004759124687358928,0.004987589460746978,10,1.0480056288491228
pairwise-ext-mf,12,2.0,10,0.004854365600103277,0.03442690189674041,pairwise-ext-mf_n_qubits12_lam2.0_s10,pool-accuracy-pairwise-l12-s1-10-2026-07-29,8ba87528e845ddf788d9fa13e8e27648be14af25dc7c4fa7dd94dcfccf9ec179,12,0.004879467214408696,0.010532367174922452,0.004800295281211969,0.004987511063066972,0.004759124687358928,0.004987589460746978,10,1.0480056288491228
pairwise-ext-mf,14,1.0,1,0.01528254856633544,0.019407422013488378,pairwise-ext-mf_n_qubits14_lam1.0_s1,pool-accuracy-pairwise-l12-s1-10-2026-07-29,4003071c319057da21e0a2bb2abda10d2203301a9ed4d1b87c803f857e2ceb45,12,0.015282548550649502,0.0019094314442684723,0.015275183456531095,0.015390149053503529,0.015268497459717024,0.015551336415044791,10,1.0185243476690475
pairwise-ext-mf,14,1.0,2,0.015282945866426296,0.02186592315760317,pairwise-ext-mf_n_qubits14_lam1.0_s2,pool-accuracy-pairwise-l12-s1-10-2026-07-29,17e96530f5e088f15f0e9c949a5c29fab88d4a2ea67aacb6d50ece001dcd8a4a,12,0.015282548550649502,0.0019094314442684723,0.015275183456531095,0.015390149053503529,0.015268497459717024,0.015551336415044791,10,1.0185243476690475
pairwise-ext-mf,14,1.0,3,0.01537223934666561,0.02122762958986421,pairwise-ext-mf_n_qubits14_lam1.0_s3,pool-accuracy-pairwise-l12-s1-10-2026-07-29,27049a608f69d386f1e0f718b517a2a4c3c1610461dc3608d74027a55f570341,12,0.015282548550649502,0.0019094314442684723,0.015275183456531095,0.015390149053503529,0.015268497459717024,0.015551336415044791,10,1.0185243476690475
pairwise-ext-mf,14,1.0,4,0.015282548534366868,0.019411103855592568,pairwise-ext-mf_n_qubits14_lam1.0_s4,pool-accuracy-pairwise-l12-s1-10-2026-07-29,8a82834cb447904335d44cea84eb3112e53a8ee93c7eb4529ac15ed41f2336e4,12,0.015282548550649502,0.0019094314442684723,0.015275183456531095,0.015390149053503529,0.015268497459717024,0.015551336415044791,10,1.0185243476690475
pairwise-ext-mf,14,1.0,5,0.015372001934578017,0.02198862452379633,pairwise-ext-mf_n_qubits14_lam1.0_s5,pool-accuracy-pairwise-l12-s1-10-2026-07-29,6159cac853eec60da6be0b73e8bf2e84ff9cee09e081e5e18cd95395c3306041,12,0.015282548550649502,0.0019094314442684723,0.015275183456531095,0.015390149053503529,0.015268497459717024,0.015551336415044791,10,1.0185243476690475
pairwise-ext-mf,14,1.0,6,0.015275926345065994,0.020929909781142408,pairwise-ext-mf_n_qubits14_lam1.0_s6,pool-accuracy-pairwise-l12-s1-10-2026-07-29,8a48be23b7c520b3e6b94bb6b3cd56e17ace5fe1ee6d20917f8193f45092541e,12,0.015282548550649502,0.0019094314442684723,0.015275183456531095,0.015390149053503529,0.015268497459717024,0.015551336415044791,10,1.0185243476690475
pairwise-ext-mf,14,1.0,7,0.015282548534963561,0.019657974227677698,pairwise-ext-mf_n_qubits14_lam1.0_s7,pool-accuracy-pairwise-l12-s1-10-2026-07-29,947742f3412711e5ea8f05f08b17d5bb7803d3387332cb90c710be61f0c773e5,12,0.015282548550649502,0.0019094314442684723,0.015275183456531095,0.015390149053503529,0.015268497459717024,0.015551336415044791,10,1.0185243476690475
pairwise-ext-mf,14,1.0,8,0.015268497459717024,0.02295048016984619,pairwise-ext-mf_n_qubits14_lam1.0_s8,pool-accuracy-pairwise-l12-s1-10-2026-07-29,0b79e943fce7e75ea0087f990068864c358e5d69a2988953de21137311dcd312,12,0.015282548550649502,0.0019094314442684723,0.015275183456531095,0.015390149053503529,0.015268497459717024,0.015551336415044791,10,1.0185243476690475
pairwise-ext-mf,14,1.0,9,0.015551336415044791,0.019612129139241628,pairwise-ext-mf_n_qubits14_lam1.0_s9,pool-accuracy-pairwise-l12-s1-10-2026-07-29,d62bb37a2232424348e118a552352939204985025d6be62e250cdc7aa9616dfe,12,0.015282548550649502,0.0019094314442684723,0.015275183456531095,0.015390149053503529,0.015268497459717024,0.015551336415044791,10,1.0185243476690475
pairwise-ext-mf,14,1.0,10,0.015282349108331495,0.02196196361672066,pairwise-ext-mf_n_qubits14_lam1.0_s10,pool-accuracy-pairwise-l12-s1-10-2026-07-29,33461326f77d02b2e71fcee630b59b7801179514169b6c25d039f70d79c316e0,12,0.015282548550649502,0.0019094314442684723,0.015275183456531095,0.015390149053503529,0.015268497459717024,0.015551336415044791,10,1.0185243476690475
pairwise-ext-mf,14,1.5,1,0.013247620591687825,0.042153797925033015,pairwise-ext-mf_n_qubits14_lam1.5_s1,pool-accuracy-pairwise-l12-s1-10-2026-07-29,501fcc32053c32f46d36c48152570e3ccf583b4c7852d0715d5334f3fcf26904,12,0.013164632436007786,0.0030380093390276475,0.01306557925157216,0.013247872814504121,0.012943734517006698,0.013250142819850782,10,1.0236723259768266
pairwise-ext-mf,14,1.5,2,0.01320508812221267,0.04412168307225816,pairwise-ext-mf_n_qubits14_lam1.5_s2,pool-accuracy-pairwise-l12-s1-10-2026-07-29,7e108f0ee9637e7bc5cfa0264b0c8e64ca0f0050af426baa944dd3b219733a10,12,0.013164632436007786,0.0030380093390276475,0.01306557925157216,0.013247872814504121,0.012943734517006698,0.013250142819850782,10,1.0236723259768266
pairwise-ext-mf,14,1.5,3,0.013083815087268953,0.0351831168035841,pairwise-ext-mf_n_qubits14_lam1.5_s3,pool-accuracy-pairwise-l12-s1-10-2026-07-29,6d32f9b9c6b7768c4473032c090eff269035636c2780d77a1e86aac7c32b19a2,12,0.013164632436007786,0.0030380093390276475,0.01306557925157216,0.013247872814504121,0.012943734517006698,0.013250142819850782,10,1.0236723259768266
pairwise-ext-mf,14,1.5,4,0.013165900030297049,0.044135431698720945,pairwise-ext-mf_n_qubits14_lam1.5_s4,pool-accuracy-pairwise-l12-s1-10-2026-07-29,41e011ab8777c0492fc512280edb3835c0a5872927b3507c30d076405ce92213,12,0.013164632436007786,0.0030380093390276475,0.01306557925157216,0.013247872814504121,0.012943734517006698,0.013250142819850782,10,1.0236723259768266
pairwise-ext-mf,14,1.5,5,0.013250142819850782,0.03589178913106306,pairwise-ext-mf_n_qubits14_lam1.5_s5,pool-accuracy-pairwise-l12-s1-10-2026-07-29,5d2b483c95f8329106305d03319a6219c103f7399a19a692fe6fe0e7f3fe2495,12,0.013164632436007786,0.0030380093390276475,0.01306557925157216,0.013247872814504121,0.012943734517006698,0.013250142819850782,10,1.0236723259768266
pairwise-ext-mf,14,1.5,6,0.013163607690875755,0.04979253101778006,pairwise-ext-mf_n_qubits14_lam1.5_s6,pool-accuracy-pairwise-l12-s1-10-2026-07-29,10f4d3433a1ce6d946df7f1e3bc58ac2f5a115dcf09df32311585ba4c46e89df,12,0.013164632436007786,0.0030380093390276475,0.01306557925157216,0.013247872814504121,0.012943734517006698,0.013250142819850782,10,1.0236723259768266
pairwise-ext-mf,14,1.5,7,0.013165657181139817,0.025907718216253244,pairwise-ext-mf_n_qubits14_lam1.5_s7,pool-accuracy-pairwise-l12-s1-10-2026-07-29,ca6d3ebf9328fd0fa11e1590e40029cbfa22ee3b85cf68435fadb0bdf04fe926,12,0.013164632436007786,0.0030380093390276475,0.01306557925157216,0.013247872814504121,0.012943734517006698,0.013250142819850782,10,1.0236723259768266
pairwise-ext-mf,14,1.5,8,0.013161788761912058,0.04081808915271979,pairwise-ext-mf_n_qubits14_lam1.5_s8,pool-accuracy-pairwise-l12-s1-10-2026-07-29,e720a926da2a7cdf380acbaa36a1df1646b8b2ff4ea01fe5b96ff8961d462186,12,0.013164632436007786,0.0030380093390276475,0.01306557925157216,0.013247872814504121,0.012943734517006698,0.013250142819850782,10,1.0236723259768266
pairwise-ext-mf,14,1.5,9,0.013079117555412766,0.04191296426484089,pairwise-ext-mf_n_qubits14_lam1.5_s9,pool-accuracy-pairwise-l12-s1-10-2026-07-29,274a9bab16ef5d5a179aa9c8976eee89649dedd638a9d74d0141c95bd43e3864,12,0.013164632436007786,0.0030380093390276475,0.01306557925157216,0.013247872814504121,0.012943734517006698,0.013250142819850782,10,1.0236723259768266
pairwise-ext-mf,14,1.5,10,0.012943734517006698,0.045441913630827224,pairwise-ext-mf_n_qubits14_lam1.5_s10,pool-accuracy-pairwise-l12-s1-10-2026-07-29,54a213907f09bdcf14eef43e86bacba17b966337c3dc57416481bc536fc932db,12,0.013164632436007786,0.0030380093390276475,0.01306557925157216,0.013247872814504121,0.012943734517006698,0.013250142819850782,10,1.0236723259768266
pairwise-ext-mf,14,2.0,1,0.0032223722575526474,0.034490468704739125,pairwise-ext-mf_n_qubits14_lam2.0_s1,pool-accuracy-pairwise-l12-s1-10-2026-07-29,d60ca2fcadff7bb51b68f4ea56d2be15edd1af0ddd5a6fb7599f17b23544cb17,12,0.003234708457297045,0.004847756085036625,0.003202144464164205,0.0032658108380693206,0.0031541988701852225,0.0032772363236887128,10,1.0390075130222418
pairwise-ext-mf,14,2.0,2,0.003243463644284838,0.041823844673248275,pairwise-ext-mf_n_qubits14_lam2.0_s2,pool-accuracy-pairwise-l12-s1-10-2026-07-29,2ca273b78b02446c59c2be6562a0f983a1c242706a08f7c9e6f0c025111be74a,12,0.003234708457297045,0.004847756085036625,0.003202144464164205,0.0032658108380693206,0.0031541988701852225,0.0032772363236887128,10,1.0390075130222418
pairwise-ext-mf,14,2.0,3,0.0032645413396671656,0.02211776784658032,pairwise-ext-mf_n_qubits14_lam2.0_s3,pool-accuracy-pairwise-l12-s1-10-2026-07-29,2f49a120f8b0f698426b2ce71f7089e5b8407fdc5032af12d17c310ff8cc0270,12,0.003234708457297045,0.004847756085036625,0.003202144464164205,0.0032658108380693206,0.0031541988701852225,0.0032772363236887128,10,1.0390075130222418
pairwise-ext-mf,14,2.0,4,0.003225953270309252,0.036481973047447235,pairwise-ext-mf_n_qubits14_lam2.0_s4,pool-accuracy-pairwise-l12-s1-10-2026-07-29,8b19bc9b51091bbcfa027823c52431448c0925d0c704a34456573149d3dde339,12,0.003234708457297045,0.004847756085036625,0.003202144464164205,0.0032658108380693206,0.0031541988701852225,0.0032772363236887128,10,1.0390075130222418
pairwise-ext-mf,14,2.0,5,0.003254812879039311,0.02521736549609396,pairwise-ext-mf_n_qubits14_lam2.0_s5,pool-accuracy-pairwise-l12-s1-10-2026-07-29,ffdf1068dfbd6abd6bb6b45e0b59edc1b5440e28a44353f382449120794c33d8,12,0.003234708457297045,0.004847756085036625,0.003202144464164205,0.0032658108380693206,0.0031541988701852225,0.0032772363236887128,10,1.0390075130222418
pairwise-ext-mf,14,2.0,6,0.0032074717523840916,0.03406970444954263,pairwise-ext-mf_n_qubits14_lam2.0_s6,pool-accuracy-pairwise-l12-s1-10-2026-07-29,e543a948c5a51f8313220df0bf94136e23352d3dd397ae91027d0b73856f9fec,12,0.003234708457297045,0.004847756085036625,0.003202144464164205,0.0032658108380693206,0.0031541988701852225,0.0032772363236887128,10,1.0390075130222418
pairwise-ext-mf,14,2.0,7,0.0032772363236887128,0.029142871422562274,pairwise-ext-mf_n_qubits14_lam2.0_s7,pool-accuracy-pairwise-l12-s1-10-2026-07-29,7e699ebee1c452c2e45b16d9a2e9c31c1d1a96d3fbda5b98aa7fea5c91da3b1d,12,0.003234708457297045,0.004847756085036625,0.003202144464164205,0.0032658108380693206,0.0031541988701852225,0.0032772363236887128,10,1.0390075130222418
pairwise-ext-mf,14,2.0,8,0.003213712808126429,0.03522394897861558,pairwise-ext-mf_n_qubits14_lam2.0_s8,pool-accuracy-pairwise-l12-s1-10-2026-07-29,3bdf91ee2261fcd2b870ded41c3dd1956b5846c77f24345f71c9acfb313d7b30,12,0.003234708457297045,0.004847756085036625,0.003202144464164205,0.0032658108380693206,0.0031541988701852225,0.0032772363236887128,10,1.0390075130222418
pairwise-ext-mf,14,2.0,9,0.0031541988701852225,0.020003923315131806,pairwise-ext-mf_n_qubits14_lam2.0_s9,pool-accuracy-pairwise-l12-s1-10-2026-07-29,38ae60c59956bdfe6c9c7ad032cdcbef058c435d828de7bc362315728aa2145f,12,0.003234708457297045,0.004847756085036625,0.003202144464164205,0.0032658108380693206,0.0031541988701852225,0.0032772363236887128,10,1.0390075130222418
pairwise-ext-mf,14,2.0,10,0.0032434636994245008,0.024052180475623124,pairwise-ext-mf_n_qubits14_lam2.0_s10,pool-accuracy-pairwise-l12-s1-10-2026-07-29,271213c0862c7f6596c2bdfccb540681a636bcfd50c65d9069ca30c942caaad8,12,0.003234708457297045,0.004847756085036625,0.003202144464164205,0.0032658108380693206,0.0031541988701852225,0.0032772363236887128,10,1.0390075130222418
pairwise-ext-mf,16,1.0,1,0.01409385997523379,0.018889860549158564,pairwise-ext-mf_n_qubits16_lam1.0_s1,pool-accuracy-pairwise-l12-s1-10-2026-07-29,be4e0b1ff4143afe10f1409f4cc935f24f16813070ce7d7dec2ebba6ae6b56b1,12,0.014063680991081656,0.004670180110076139,0.01397318925869547,0.01415992565679139,0.013969904609016207,0.01421406328163111,10,1.0174774760063374
pairwise-ext-mf,16,1.0,2,0.014029710065683564,0.021435398969713165,pairwise-ext-mf_n_qubits16_lam1.0_s2,pool-accuracy-pairwise-l12-s1-10-2026-07-29,4bcc34a06587f8811b447643cd19cbc0bbcd6081aa339f1d780d12fad86379df,12,0.014063680991081656,0.004670180110076139,0.01397318925869547,0.01415992565679139,0.013969904609016207,0.01421406328163111,10,1.0174774760063374
pairwise-ext-mf,16,1.0,3,0.013969904609016207,0.01900279782103736,pairwise-ext-mf_n_qubits16_lam1.0_s3,pool-accuracy-pairwise-l12-s1-10-2026-07-29,909ebf9edce97b49f1549f4e4ff38cd42426a10e5b9a4a43f6c95af11c1daec2,12,0.014063680991081656,0.004670180110076139,0.01397318925869547,0.01415992565679139,0.013969904609016207,0.01421406328163111,10,1.0174774760063374
pairwise-ext-mf,16,1.0,4,0.01403360453321867,0.02421203931294871,pairwise-ext-mf_n_qubits16_lam1.0_s4,pool-accuracy-pairwise-l12-s1-10-2026-07-29,8bb08b5f083de5ba9d825c85c383f4550ebc911599147f4eba4381fa35581ff9,12,0.014063680991081656,0.004670180110076139,0.01397318925869547,0.01415992565679139,0.013969904609016207,0.01421406328163111,10,1.0174774760063374
pairwise-ext-mf,16,1.0,5,0.013973656489728151,0.023505709036473563,pairwise-ext-mf_n_qubits16_lam1.0_s5,pool-accuracy-pairwise-l12-s1-10-2026-07-29,c4e279d07a996c5e401c8818da4445f134a79216a818b25e2fa463e420aceb28,12,0.014063680991081656,0.004670180110076139,0.01397318925869547,0.01415992565679139,0.013969904609016207,0.01421406328163111,10,1.0174774760063374
pairwise-ext-mf,16,1.0,6,0.01409375744894464,0.02223398448589888,pairwise-ext-mf_n_qubits16_lam1.0_s6,pool-accuracy-pairwise-l12-s1-10-2026-07-29,ed062690e2a6f84c657d9137c34d90fd88795a991b3036c0986002f92d8baca4,12,0.014063680991081656,0.004670180110076139,0.01397318925869547,0.01415992565679139,0.013969904609016207,0.01421406328163111,10,1.0174774760063374
pairwise-ext-mf,16,1.0,7,0.014153910365142533,0.017840177092734253,pairwise-ext-mf_n_qubits16_lam1.0_s7,pool-accuracy-pairwise-l12-s1-10-2026-07-29,1026868590669866bbf7b436d7282bf465d1537cde5a2d4fc3fd15bdf6611d63,12,0.014063680991081656,0.004670180110076139,0.01397318925869547,0.01415992565679139,0.013969904609016207,0.01421406328163111,10,1.0174774760063374
pairwise-ext-mf,16,1.0,8,0.013973554219770945,0.022264515058983605,pairwise-ext-mf_n_qubits16_lam1.0_s8,pool-accuracy-pairwise-l12-s1-10-2026-07-29,9bf7f46eba6747b5b9471f2337860b97685844c7c0c8357401e823cf7de5e84c,12,0.014063680991081656,0.004670180110076139,0.01397318925869547,0.01415992565679139,0.013969904609016207,0.01421406328163111,10,1.0174774760063374
pairwise-ext-mf,16,1.0,9,0.014153910365142096,0.02074681302002336,pairwise-ext-mf_n_qubits16_lam1.0_s9,pool-accuracy-pairwise-l12-s1-10-2026-07-29,294a1c1e46de16c3978d4231a688431ef898657ca8422449a128f05006d16c20,12,0.014063680991081656,0.004670180110076139,0.01397318925869547,0.01415992565679139,0.013969904609016207,0.01421406328163111,10,1.0174774760063374
pairwise-ext-mf,16,1.0,10,0.01421406328163111,0.015474761090024033,pairwise-ext-mf_n_qubits16_lam1.0_s10,pool-accuracy-pairwise-l12-s1-10-2026-07-29,b2aefc2a97a9c84636b005d350bbf1e90c8c6c54969f02790ce9d130b685675b,12,0.014063680991081656,0.004670180110076139,0.01397318925869547,0.01415992565679139,0.013969904609016207,0.01421406328163111,10,1.0174774760063374
pairwise-ext-mf,16,1.5,1,0.009707880037393079,0.025988653166180833,pairwise-ext-mf_n_qubits16_lam1.5_s1,pool-accuracy-pairwise-l12-s1-10-2026-07-29,41e2b3083f1327f51cbd45b8f96200b8e1a0cb3ab8010bcd490daef69eaf99d8,12,0.009761936553199348,0.0039854727330124184,0.009701471600265285,0.009823341244734742,0.009648903599620296,0.009872308729641985,10,1.0231534212892832
pairwise-ext-mf,16,1.5,2,0.009817900413078383,0.027960669840337505,pairwise-ext-mf_n_qubits16_lam1.5_s2,pool-accuracy-pairwise-l12-s1-10-2026-07-29,ba29655a178658c79bddde4e30b8000da571cf3fb8d18535e9b49314c9e4ff84,12,0.009761936553199348,0.0039854727330124184,0.009701471600265285,0.009823341244734742,0.009648903599620296,0.009872308729641985,10,1.0231534212892832
pairwise-ext-mf,16,1.5,3,0.009762723357903022,0.03747943827608154,pairwise-ext-mf_n_qubits16_lam1.5_s3,pool-accuracy-pairwise-l12-s1-10-2026-07-29,7a4a4e7cbce72001856f3f2cd33c76273523b20507fd81c877af2dee763f60cb,12,0.009761936553199348,0.0039854727330124184,0.009701471600265285,0.009823341244734742,0.009648903599620296,0.009872308729641985,10,1.0231534212892832
pairwise-ext-mf,16,1.5,4,0.009872308729641985,0.02375166671723437,pairwise-ext-mf_n_qubits16_lam1.5_s4,pool-accuracy-pairwise-l12-s1-10-2026-07-29,5798f91649947d334973337f9d23681bbe5c6e4544053cf8d35d50195a581085,12,0.009761936553199348,0.0039854727330124184,0.009701471600265285,0.009823341244734742,0.009648903599620296,0.009872308729641985,10,1.0231534212892832
pairwise-ext-mf,16,1.5,5,0.009707312489225838,0.032710964716160404,pairwise-ext-mf_n_qubits16_lam1.5_s5,pool-accuracy-pairwise-l12-s1-10-2026-07-29,e448326d3bf3ee011a14df78cc68583688201aead6402b7ef70f978a43693c1f,12,0.009761936553199348,0.0039854727330124184,0.009701471600265285,0.009823341244734742,0.009648903599620296,0.009872308729641985,10,1.0231534212892832
pairwise-ext-mf,16,1.5,6,0.009761149748495674,0.027781034650542536,pairwise-ext-mf_n_qubits16_lam1.5_s6,pool-accuracy-pairwise-l12-s1-10-2026-07-29,c167b629bfa337dcec831e9cced11a5ddd507141ea65e329493a3dd19b5a9568,12,0.009761936553199348,0.0039854727330124184,0.009701471600265285,0.009823341244734742,0.009648903599620296,0.009872308729641985,10,1.0231534212892832
pairwise-ext-mf,16,1.5,7,0.009735367404843265,0.03407234236844787,pairwise-ext-mf_n_qubits16_lam1.5_s7,pool-accuracy-pairwise-l12-s1-10-2026-07-29,8fff6fd602237ebfc275c2486bda4e19530521b5088ad021345682844c9b1529,12,0.009761936553199348,0.0039854727330124184,0.009701471600265285,0.009823341244734742,0.009648903599620296,0.009872308729641985,10,1.0231534212892832
pairwise-ext-mf,16,1.5,8,0.009817534481370018,0.031332618394830494,pairwise-ext-mf_n_qubits16_lam1.5_s8,pool-accuracy-pairwise-l12-s1-10-2026-07-29,25549e11fc3108edac8998c901ce232c8b54645c92f9a3c6cce089dcad9a89e0,12,0.009761936553199348,0.0039854727330124184,0.009701471600265285,0.009823341244734742,0.009648903599620296,0.009872308729641985,10,1.0231534212892832
pairwise-ext-mf,16,1.5,9,0.009648903599620296,0.025502284050733667,pairwise-ext-mf_n_qubits16_lam1.5_s9,pool-accuracy-pairwise-l12-s1-10-2026-07-29,f32d532f5336779f786b9359ab5eef0cc951493b2076c12a32b1b5d97c2361f6,12,0.009761936553199348,0.0039854727330124184,0.009701471600265285,0.009823341244734742,0.009648903599620296,0.009872308729641985,10,1.0231534212892832
pairwise-ext-mf,16,1.5,10,0.009764650192919376,0.031925078667103333,pairwise-ext-mf_n_qubits16_lam1.5_s10,pool-accuracy-pairwise-l12-s1-10-2026-07-29,ddd48205b6c04c3a83620f3d7936da771f8e1a8a82264cb2abef9fbab6ba8510,12,0.009761936553199348,0.0039854727330124184,0.009701471600265285,0.009823341244734742,0.009648903599620296,0.009872308729641985,10,1.0231534212892832
pairwise-ext-mf,16,2.0,1,0.0023529567316836835,0.0392993343223385,pairwise-ext-mf_n_qubits16_lam2.0_s1,pool-accuracy-pairwise-l12-s1-10-2026-07-29,f991bbe0f2ee40cb83140d63c2418c3b3f60a52b12944ef9fafeaaa76b5f74bb,12,0.0023787562377819123,0.006649896561759405,0.0023462021507344912,0.0024053862271445213,0.002344731375899639,0.0024170849022250567,10,1.0308579170599688
pairwise-ext-mf,16,2.0,2,0.0023930237678885294,0.017913721011168095,pairwise-ext-mf_n_qubits16_lam2.0_s2,pool-accuracy-pairwise-l12-s1-10-2026-07-29,94f9a0739b33ce8b743516d1a616fcd1b50bf9b6fece2acbd65fd6b9b669921a,12,0.0023787562377819123,0.006649896561759405,0.0023462021507344912,0.0024053862271445213,0.002344731375899639,0.0024170849022250567,10,1.0308579170599688
pairwise-ext-mf,16,2.0,3,0.002346365570160586,0.02937714496820556,pairwise-ext-mf_n_qubits16_lam2.0_s3,pool-accuracy-pairwise-l12-s1-10-2026-07-29,949efc6a7abecb0d29f6a4b018079ad9640fa3ca54a7774cd6ff0d3c4c7ab19f,12,0.0023787562377819123,0.006649896561759405,0.0023462021507344912,0.0024053862271445213,0.002344731375899639,0.0024170849022250567,10,1.0308579170599688
pairwise-ext-mf,16,2.0,4,0.00236488974589052,0.03909778089358795,pairwise-ext-mf_n_qubits16_lam2.0_s4,pool-accuracy-pairwise-l12-s1-10-2026-07-29,e51d74afbcf8e9b645442c9dc18d1986dedd430ad9ea4f3cc351bf454e2c3bb3,12,0.0023787562377819123,0.006649896561759405,0.0023462021507344912,0.0024053862271445213,0.002344731375899639,0.0024170849022250567,10,1.0308579170599688
pairwise-ext-mf,16,2.0,5,0.0024040863743577954,0.02836949393106242,pairwise-ext-mf_n_qubits16_lam2.0_s5,pool-accuracy-pairwise-l12-s1-10-2026-07-29,fd2f483bf394a7a81f62bdafb56ec2b92aa548a8a2b53860e838a91fb5e523f3,12,0.0023787562377819123,0.006649896561759405,0.0023462021507344912,0.0024053862271445213,0.002344731375899639,0.0024170849022250567,10,1.0308579170599688
pairwise-ext-mf,16,2.0,6,0.002378756240741945,0.027430902552638903,pairwise-ext-mf_n_qubits16_lam2.0_s6,pool-accuracy-pairwise-l12-s1-10-2026-07-29,722e4ffa7e58db25a75b07c325abd416e85d34db0c85292e3c80e46c1dab1232,12,0.0023787562377819123,0.006649896561759405,0.0023462021507344912,0.0024053862271445213,0.002344731375899639,0.0024170849022250567,10,1.0308579170599688
pairwise-ext-mf,16,2.0,7,0.00237875623482188,0.039351649571235284,pairwise-ext-mf_n_qubits16_lam2.0_s7,pool-accuracy-pairwise-l12-s1-10-2026-07-29,1f09e6c027729380b80417b84d951b7cb60ab3ce42492c9d852c531582b8971b,12,0.0023787562377819123,0.006649896561759405,0.0023462021507344912,0.0024053862271445213,0.002344731375899639,0.0024170849022250567,10,1.0308579170599688
pairwise-ext-mf,16,2.0,8,0.0024170849022250567,0.0274573755594501,pairwise-ext-mf_n_qubits16_lam2.0_s8,pool-accuracy-pairwise-l12-s1-10-2026-07-29,990a33fb7df3b7f8e04b710fd95f326f6f8293499f74a0da8888db802b99467c,12,0.0023787562377819123,0.006649896561759405,0.0023462021507344912,0.0024053862271445213,0.002344731375899639,0.0024170849022250567,10,1.0308579170599688
pairwise-ext-mf,16,2.0,9,0.0023900951918842546,0.03456531832380781,pairwise-ext-mf_n_qubits16_lam2.0_s9,pool-accuracy-pairwise-l12-s1-10-2026-07-29,17a4a3a315b377ca9229f3785059d42e0257eea62e3deaa4516ae13147b014e7,12,0.0023787562377819123,0.006649896561759405,0.0023462021507344912,0.0024053862271445213,0.002344731375899639,0.0024170849022250567,10,1.0308579170599688
pairwise-ext-mf,16,2.0,10,0.002344731375899639,0.03250123783322566,pairwise-ext-mf_n_qubits16_lam2.0_s10,pool-accuracy-pairwise-l12-s1-10-2026-07-29,6f966d9d5c092ed48826c75e10dfa3d31ad7ceebfa96ee90c8b04de424d17a34,12,0.0023787562377819123,0.006649896561759405,0.0023462021507344912,0.0024053862271445213,0.002344731375899639,0.0024170849022250567,10,1.0308579170599688
